{"train": [0.26732875161311204, 0.20435567357960868, 0.17752548929523018, 0.17455235579434564, 0.16358407402739805, 0.1487905244616901, 0.1520341727663489, 0.13760934962945826, 0.1336364785538, 0.12913009200026007, 0.13109363247366512, 0.12747706578058354, 0.12513865977525712, 0.12342947519877377, 0.1209049311630866, 0.11952391608672984, 0.11945438498959822, 0.12087347051676582, 0.11958310209652957, 0.12031363248825074, 0.11872469782829284, 0.1176848745521377, 0.12047972810619018, 0.11859597502385869, 0.11950737982988358, 0.11776076800682965, 0.11929935295792186, 0.11769020995673012, 0.11861049103386262, 0.11988982260227203, 0.12162820416338303, 0.12037984062643613, 0.11968790660886204, 0.11672390190994038, 0.11839035854620092, 0.1203581501455868, 0.11792738893452813, 0.11913926408571356, 0.11686736555660472, 0.11791187735164867, 0.11785083868924309, 0.11935756565893398, 0.11847218936857055, 0.11744735013036167, 0.11758500968708711, 0.12140369345160092, 0.12124463126939886, 0.11870485114700655, 0.11923651107970407, 0.11809211084071328, 0.1176228453131283, 0.12036199333036647, 0.11749436662477605, 0.11875363886356353, 0.12103939030100318, 0.11934295638519175, 0.12091485744013505, 0.11913034915924073, 0.11745874829152052, 0.11864005055497674, 0.12028812152497909, 0.11825329950627159, 0.11926101866890403, 0.1192745071123628, 0.1167589312967132, 0.11763723571510876, 0.11899185583871953, 0.11817124880412046, 0.11642480422468747, 0.11727908166015849, 0.11654079758069094, 0.11771170996567783, 0.11929887270226198, 0.11835963094935698, 0.11970466349054786, 0.12046366596923155, 0.11839097633081323, 0.11844594934407403, 0.11937583343071097, 0.11992345724035712, 0.12004215366700116, 0.11604871381731595, 0.12047588702510385, 0.12128218903261072, 0.11940147456000832, 0.11699403682175805, 0.11838249257382225, 0.11941269206650117, 0.116911581947523, 0.11744875802713282, 0.11677245379370801, 0.11755285762688693, 0.11769710086724337, 0.11695885588141049, 0.11808806710383471, 0.11868392492041868, 0.11915818435304305, 0.11805254948489806, 0.11946555744199192, 0.11929773495477788], "val": [0.37003438293933866, 0.25467595040798185, 0.22917669236660004, 0.24093828439712525, 0.13901161789894104, 0.15886453092098235, 0.1900970834493637, 0.1350582218170166, 0.13031868815422057, 0.12760904610157012, 0.12766333878040315, 0.12751679867506027, 0.1354254725575447, 0.14444831728935242, 0.1236969918012619, 0.12237839236855506, 0.12216145187616348, 0.1221697624027729, 0.12274999737739563, 0.12208068698644638, 0.11990717187523842, 0.12123364984989166, 0.12111175879836082, 0.1199752351641655, 0.12011933416128158, 0.12213658392429352, 0.12101026609539986, 0.12101464331150055, 0.12099058896303178, 0.12057627476751805, 0.12028738528490067, 0.12038248956203461, 0.11989998519420624, 0.12093327641487121, 0.12130671322345733, 0.12124662518501282, 0.12067411333322525, 0.12007381945848465, 0.12072407364845276, 0.11989628046751022, 0.12026323556900025, 0.12070794075727463, 0.11999566018581391, 0.12160362988710403, 0.1211863648891449, 0.11997380375862121, 0.12038379490375518, 0.12112621761858464, 0.12017046749591827, 0.12061121642589569, 0.1209169602394104, 0.12036926209926606, 0.12036470770835876, 0.12035801291465759, 0.12072509288787842, 0.12036846607923507, 0.12042212694883346, 0.12041292786598205, 0.12103424727916717, 0.12146120071411133, 0.11987512350082398, 0.12069141626358032, 0.12046174630522728, 0.12151603773236275, 0.12075035095214844, 0.12045116990804672, 0.12026857554912568, 0.12041209578514099, 0.12057645738124848, 0.11962277442216873, 0.12097493797540665, 0.12046937227249145, 0.12008370041847229, 0.12052574664354325, 0.12057683825492858, 0.12105953454971313, 0.12102760374546051, 0.12053643375635147, 0.1205675721168518, 0.12057377099990844, 0.12030493155121803, 0.12073209464550018, 0.1200765860080719, 0.12060773938894272, 0.12075724869966507, 0.12039821922779083, 0.12001382321119308, 0.12045719027519226, 0.12077984988689422, 0.1208239495754242, 0.12049387216567993, 0.12089497327804566, 0.12038094699382781, 0.12118413060903549, 0.12099916338920594, 0.12029586225748062, 0.11951600849628448, 0.11984033361077309, 0.12076953306794166, 0.12093269944190979]}