{"train": [0.24657168020220363, 0.19132130777134615, 0.16943741282996008, 0.161808502498795, 0.15308922511689804, 0.1427866609657512, 0.1461982084547772, 0.131702358231825, 0.12942198751603856, 0.12576730523039312, 0.12826365670737097, 0.12452354115598342, 0.1232483008328606, 0.12206400597796721, 0.11974166754414053, 0.11849421806195203, 0.11876969223513323, 0.12028757947332719, 0.1189613674493397, 0.1199902883347343, 0.11828504695611841, 0.11723383235580781, 0.11988708438242184, 0.1183741857900339, 0.11928497552871704, 0.11724525470944012, 0.11936342102639816, 0.1180579068906167, 0.1191104844212532, 0.11996704182204078, 0.12130763565792757, 0.12037498942192863, 0.11947515948730357, 0.11702634359107297, 0.11822275028509252, 0.12016079425811768, 0.11771399334949606, 0.11906709110035615, 0.1165078845094232, 0.11809604062753565, 0.11756186029490302, 0.11927322149276734, 0.11845361248535269, 0.11776452529079774, 0.11696336655055775, 0.12175613821429365, 0.12116199013064889, 0.11804895173100864, 0.11920510030844632, 0.11782738715410232, 0.11755243855364182, 0.12037246402572183, 0.1172904487918405, 0.1186617614591823, 0.12117982252555735, 0.1193063439691768, 0.1207573718884412, 0.11910827650743372, 0.11759100889458377, 0.11791996903279249, 0.12044078620041118, 0.11867875640883166, 0.11928566922159756, 0.11979083182180629, 0.11677985349122216, 0.11714478021158892, 0.11916546111597734, 0.11825571647461723, 0.11627779427696677, 0.11722497685867198, 0.11649993430165684, 0.11763507189119564, 0.11980770563378054, 0.11809591773678274, 0.11912786390851526, 0.12024834147270988, 0.1185937357299468, 0.11819860654718736, 0.1196182023952989, 0.11990780400879243, 0.12045487200512606, 0.11610059019397287, 0.12034942165893667, 0.12099109256968779, 0.11929665628601523, 0.11721540303791271, 0.11799406391732833, 0.11954192843507318, 0.11663815668400596, 0.11740779482266482, 0.11645916056107072, 0.11763266605489395, 0.1172350501312929, 0.11673277563908521, 0.11820873732075972, 0.11870848273529726, 0.11852562059374416, 0.1176830439006581, 0.11956974881536821, 0.11973516239839442], "val": [0.35967684507369996, 0.2756390184164047, 0.44900490999221804, 0.21294646501541137, 0.18558420449495316, 0.14234110653400422, 0.15117082953453065, 0.12658619105815888, 0.12423939198255539, 0.12352398931980133, 0.12591568142175674, 0.12068555414676667, 0.12542587906122207, 0.16236705362796783, 0.12177097469568253, 0.12037051767110825, 0.11960816591978073, 0.11991801634430885, 0.12105782747268677, 0.12005642727017403, 0.11786151930689812, 0.11938340961933136, 0.11934125177562237, 0.11810243219137191, 0.11831372112035751, 0.12029633939266204, 0.11911771215498447, 0.11921700298786163, 0.11923937380313873, 0.11853440791368484, 0.11838164240121841, 0.11832705557346344, 0.1177861350774765, 0.11891765102744102, 0.1195186722278595, 0.11941811323165893, 0.11865399867296218, 0.11809343367815017, 0.11885846257209778, 0.11802214741706848, 0.11834479629993438, 0.11908868610858918, 0.11816101789474487, 0.11975846260786056, 0.11929669380187988, 0.1179479044675827, 0.11854984819889068, 0.1195542773604393, 0.11841628581285477, 0.11858302712440491, 0.11879541754722595, 0.11868725538253784, 0.11866923034191132, 0.11867571771144866, 0.11926075398921966, 0.11882444202899933, 0.11857455879449845, 0.11862172484397888, 0.11900879502296448, 0.11957689523696899, 0.11794490933418274, 0.11896766006946563, 0.11877856642007828, 0.11970176190137863, 0.11908560514450073, 0.11880522131919861, 0.11812268674373627, 0.11876115232706069, 0.11884352087974548, 0.11781453147530556, 0.11912729650735855, 0.118922358751297, 0.11855260014533997, 0.11877450793981552, 0.11876394391059876, 0.11909452140331268, 0.11934814870357513, 0.11874053001403809, 0.11884369492530823, 0.11867776975035667, 0.11832887709140777, 0.11913001269102097, 0.11828686118125915, 0.1185070151090622, 0.11875450015068054, 0.11851552546024323, 0.11830860108137131, 0.11872296065092086, 0.11908070296049118, 0.11912568807601928, 0.11883828043937683, 0.11903794914484024, 0.11860228657722473, 0.1196446868777275, 0.11928299427032471, 0.11844763159751892, 0.11765841722488403, 0.118064723610878, 0.1191132202744484, 0.1195252776145935]}