{"train": [0.2990723715108984, 0.24059332924730636, 0.20634271905702703, 0.20246077758424422, 0.19376910942442277, 0.17963104388293097, 0.18010492552729213, 0.15865987258798936, 0.1535943378420437, 0.14947780835277893, 0.15147141954478097, 0.1441367324660806, 0.1423636075328378, 0.1371770359137479, 0.13274300168542302, 0.12972202520160114, 0.12839316015734392, 0.12978462839827817, 0.12843116039738936, 0.12797473642755958, 0.125046283883207, 0.123145109678016, 0.12659550107577267, 0.12375189596239258, 0.12471431844374713, 0.12318337726242402, 0.1246704365400707, 0.12286805194966934, 0.12384094332947451, 0.12504848031436697, 0.12664137850789464, 0.12579250686308918, 0.12431814600439632, 0.12094944557722877, 0.12316578118240132, 0.12573648638585033, 0.12251694255015429, 0.12413377437521429, 0.12172683477401733, 0.12323123637367697, 0.12260534316301346, 0.12409800255999845, 0.12359380235566812, 0.1223062408321044, 0.12234895536128212, 0.12726877625374233, 0.12601058632135392, 0.1237749605494387, 0.12400672641747137, 0.12236223027986638, 0.12247925098328029, 0.12562425460885554, 0.12230348885059357, 0.12418282628059388, 0.1265533266698613, 0.12429167041007211, 0.12561951858155868, 0.1241732269525528, 0.12236378525986391, 0.12329818124280256, 0.12541172925163718, 0.12369934153907439, 0.12431980651967665, 0.12493242744137259, 0.12194272104431601, 0.12205510051811443, 0.12475660487132914, 0.1232207240865511, 0.12088901251554489, 0.12123226286733851, 0.1215219902641633, 0.12223733558374293, 0.12431849732118494, 0.12323651769581963, 0.12540359058800865, 0.12495206690886441, 0.12412292597924962, 0.12384220948990654, 0.12434611057533937, 0.12474740147590638, 0.12501858490354875, 0.12122319428359761, 0.12465532106511733, 0.12599011817399194, 0.1251178667825811, 0.12144229131586412, 0.12305643356898252, 0.12495073001174366, 0.1219087170327411, 0.12191885438035516, 0.12086293044335703, 0.12261065525167128, 0.12243354679907069, 0.12135805014301748, 0.12330050617456437, 0.12290319870500004, 0.1238800651886884, 0.12280001280938878, 0.1249541526331621, 0.12395079819595113], "val": [0.2595535910129547, 0.4205406653881073, 0.2973112551867962, 0.23093903541564942, 0.16551246017217636, 0.17148590207099915, 0.16373294979333877, 0.14917470932006835, 0.15340127289295197, 0.15093811988830566, 0.15053431510925294, 0.1365536242723465, 0.1537928432226181, 0.12987601310014724, 0.1311740905046463, 0.12851149678230286, 0.12878787994384766, 0.12744849793612956, 0.12870192646980286, 0.12730260208249092, 0.12453761793673039, 0.12652197495102882, 0.12606368221342565, 0.1238475850224495, 0.12464135110378266, 0.1269638478755951, 0.12529567919671536, 0.12456048309803008, 0.12471589297056199, 0.12338463366031646, 0.12391048908233643, 0.12339407086372375, 0.12284766137599945, 0.12425941675901413, 0.12540072530508042, 0.12521087169647216, 0.12434775322675705, 0.12320849657058716, 0.12458276331424713, 0.12317281305789947, 0.12359008640050888, 0.1242541640996933, 0.12278526663780212, 0.1253735613822937, 0.12464432954788209, 0.12305906265974045, 0.12325088500976562, 0.12538618452847003, 0.12350344359874725, 0.1239309373497963, 0.12480247616767884, 0.12378259241580963, 0.12346659481525421, 0.12445392787456512, 0.12454341173171997, 0.12399826884269714, 0.12392281025648116, 0.12379542112350464, 0.1242990243434906, 0.1254036420583725, 0.12265894770622253, 0.12434323370456696, 0.12399888411164284, 0.12546441152691842, 0.12408012926578521, 0.12460422545671462, 0.12363619089126587, 0.12414193242788314, 0.12340706765651703, 0.12324504718184472, 0.12495496422052384, 0.12482575058937073, 0.12374916851520538, 0.12412678092718124, 0.12358934044837952, 0.1251658755540848, 0.12519192099571227, 0.12397112876176834, 0.12428818106651306, 0.12393170833587647, 0.12340483665466309, 0.12421950206160545, 0.12294393420219421, 0.12342276692390441, 0.12493769139051437, 0.12378437340259552, 0.1232419416308403, 0.12328826695680618, 0.124109306037426, 0.12516476035118104, 0.12409216403961182, 0.12384710654616356, 0.12359561324119568, 0.1252342137694359, 0.12485405385494232, 0.12416577219963074, 0.122414470911026, 0.1232148677110672, 0.12465254940092564, 0.12525084257125854]}