{"train": [0.31357904374599455, 0.19865575590554405, 0.19891754213501425, 0.1815061909310958, 0.17456220546189477, 0.16907950937747956, 0.15429545640945436, 0.14176128857276019, 0.13121844880721148, 0.12675915202673743, 0.12123653809813892, 0.11792812084450441, 0.11704792156815529, 0.1137290309457218, 0.10580206951674292, 0.10288749810527353, 0.10282938909881255, 0.10293642694459242, 0.10199233162052491, 0.10241804973167531, 0.09981921139885397, 0.09976913644110455, 0.10065400416360182, 0.09980388301260332, 0.09797346057260738, 0.10066038440255558, 0.10056829136960646, 0.10054984548512627, 0.09908985854948268, 0.09988110232002595, 0.09974583895767436, 0.10038707361501806, 0.09910423825768863, 0.09909341843689189, 0.09911057896473828, 0.10160694648237789, 0.09709872699835721, 0.0989959089195027, 0.10129153281450272, 0.10075960457324981, 0.09786473696722704, 0.09786723615492092, 0.10059785185491338, 0.09837703836314818, 0.09916519364889931, 0.09649947031455881, 0.09949799749781103, 0.10037342196001726, 0.10043238822151633, 0.09921434232417276, 0.10105244556770605, 0.10115005663212608, 0.09983860429595498, 0.09908597206368167, 0.0992329824496718, 0.09807598275296828, 0.09849089752225315, 0.09952797688105527, 0.10051998671363382, 0.10017249268643996, 0.09929633648956523, 0.09959158564315122, 0.0992037642528029, 0.09943091369727079, 0.09918870321091483, 0.09729631131186205, 0.09964799355058108, 0.09986959152361925, 0.10159623535240397, 0.10040763274711721, 0.10115694368586821, 0.0990954149295302, 0.09856379750896903, 0.09763743333956774, 0.09850993112606161, 0.10107718329219258, 0.09964568281874937, 0.0985064842245158, 0.10025572513832766, 0.10015393030994078, 0.09862557255169925, 0.09898723775849623, 0.09850909946595922, 0.09920777047381682, 0.0988812572815839, 0.0983055616126341, 0.10048099887721679, 0.10007223513196496, 0.09928039566558951, 0.099254289532409, 0.09791427745538599, 0.09906433522701263, 0.10088284686207771, 0.09871520426343469, 0.09818210882299086, 0.09905414984506719, 0.09984966989825754, 0.0994402132490102, 0.09732386575025671, 0.09859259251286001], "val": [0.23309112310409547, 0.19234130620956422, 0.19297009468078613, 0.17091817498207093, 0.2417898166179657, 0.15493283152580262, 0.2884784096479416, 0.13153762727975846, 0.12796488910913467, 0.12245342969894409, 0.12448150247335434, 0.12768164575099944, 0.12819498240947724, 0.12946571111679078, 0.12470893859863282, 0.12186403274536133, 0.12301576614379883, 0.12401952475309372, 0.12324188798666, 0.1229426223039627, 0.12442814230918885, 0.1241662399470806, 0.12489640310406686, 0.12335691034793854, 0.12438147872686386, 0.12601178050041198, 0.12660154521465303, 0.12391552805900574, 0.1243839517235756, 0.12275006413459778, 0.12425890505313873, 0.12368116922676563, 0.12339758276939392, 0.1243689826130867, 0.12278466016054153, 0.12453515827655792, 0.12471876859664917, 0.12224537178874016, 0.12183645844459534, 0.1251974368095398, 0.1242079770565033, 0.1267220138013363, 0.12290108263492584, 0.12374622762203216, 0.12499917715787888, 0.12513752222061159, 0.12735860109329222, 0.12628108024597168, 0.12556165248155593, 0.12187935590744019, 0.12393505915999413, 0.12015790939331054, 0.12553211212158202, 0.12502058774232863, 0.12446737289428711, 0.12759104788303374, 0.12576932787895204, 0.12554961517453195, 0.12400561451911926, 0.12599844098091126, 0.12353436708450317, 0.12234718024730683, 0.12176685690879822, 0.12479050159454345, 0.1252550983428955, 0.12453664839267731, 0.12632348895072937, 0.12345854192972183, 0.12226238667964935, 0.1238974753022194, 0.12593353509902955, 0.12363067269325256, 0.12025371909141541, 0.1264916993677616, 0.12266482949256897, 0.1186346811056137, 0.12403250738978386, 0.12305262356996537, 0.12548155426979066, 0.12271292969584464, 0.12330106258392334, 0.12331372052431107, 0.12444685995578766, 0.12434659212827683, 0.12708752557635308, 0.1214242684841156, 0.12116844654083252, 0.12540240287780763, 0.12306759655475616, 0.12078111380338669, 0.12230794787406922, 0.12320445779711008, 0.12406510561704635, 0.12656209200620652, 0.12590853571891786, 0.12179768979549407, 0.1278302191197872, 0.12538416981697081, 0.12255808532238006, 0.12265746891498566]}