{"train": [0.26301231699831346, 0.19698316384764278, 0.18124693614595078, 0.17336544639923993, 0.16419573461308198, 0.15459211065488704, 0.15579738240031635, 0.1380552284857806, 0.13538023803163976, 0.13119495844139772, 0.13244366347789766, 0.1297832198002759, 0.12763755216318018, 0.12676910740487715, 0.12335868057082681, 0.12136495201026692, 0.12184250144397511, 0.12245446890592575, 0.12180305491475497, 0.12214996288804447, 0.12091622790869544, 0.11985055804252624, 0.12211153016370886, 0.12079342814052806, 0.12137436752810198, 0.12011804116122862, 0.12196440714247087, 0.12052659620256985, 0.12131416306776159, 0.12202271398376016, 0.12378818147322711, 0.12275848213364096, 0.12187049520366332, 0.11930618847117705, 0.12079255861394546, 0.12315150499343872, 0.12044971462558297, 0.12121477740652421, 0.11919136485632728, 0.12058346736080507, 0.11999563609852511, 0.12227249215630924, 0.12133072018623352, 0.12035503106958725, 0.11947919673779432, 0.12413719506824718, 0.12360566328553592, 0.12042107406784507, 0.12164022694615757, 0.12040305759976892, 0.12023616266601225, 0.12283323328284657, 0.11978886267718147, 0.1213350814931533, 0.12352822195081149, 0.12190843960818122, 0.12252557452987223, 0.12199823584626703, 0.12060003140393426, 0.12080178155618555, 0.12270968854427337, 0.12121279677923988, 0.12118513049448237, 0.12180508638129514, 0.11908619631739224, 0.119832283346092, 0.12147792682928198, 0.12070994718986398, 0.1189749382874545, 0.11984975302920622, 0.11922744521323372, 0.12034924380919512, 0.12222345541505253, 0.12045889128656949, 0.12166158556938171, 0.12254423727007473, 0.12152358696741217, 0.12057035863399505, 0.1216696544605143, 0.12223004979245802, 0.12227682190782883, 0.11902104423326605, 0.12311605776057524, 0.12390543082181145, 0.12152788568945493, 0.11976289784207064, 0.12077399685102351, 0.1219012257807395, 0.11996808122186099, 0.12015604473212187, 0.11944983031819849, 0.12038316980880849, 0.12002618032343247, 0.11971914908465217, 0.12126331241691814, 0.12067996403750252, 0.121432687254513, 0.12037117042962242, 0.12248621022000032, 0.1223132065113853], "val": [1.4045711517333985, 0.27309954404830933, 0.20607421159744263, 0.5021608686447143, 0.23920672178268432, 0.14443036139011384, 0.14545261979103088, 0.1331015408039093, 0.12671357721090318, 0.13049136161804198, 0.1246545159816742, 0.1232350492477417, 0.13481645047664642, 0.14992746114730834, 0.11995515763759614, 0.11884388148784637, 0.11806133896112442, 0.11963035747408866, 0.11851610481739044, 0.11840790286660194, 0.11720759466290474, 0.11838238030672073, 0.11831095218658447, 0.11747775584459305, 0.11757597923278809, 0.11933196663856506, 0.1181234984844923, 0.11838413953781128, 0.118375264108181, 0.11758354522287845, 0.11767149478197098, 0.11774778008460998, 0.11746390283107758, 0.11802292019128799, 0.11837086528539657, 0.11856831669807434, 0.1180617418885231, 0.1172853735089302, 0.11788211226463317, 0.11734268546104432, 0.11771207392215728, 0.11821327447891235, 0.11756628274917602, 0.1188314700126648, 0.11836518675088882, 0.11732303082942963, 0.11775740802288055, 0.11850498616695404, 0.11753555059432984, 0.11776558876037597, 0.11805017828941346, 0.1178201299905777, 0.11791131019592285, 0.11758058995008469, 0.11814663589000701, 0.11788353592157363, 0.11752731800079345, 0.11784406960010528, 0.1180511736869812, 0.11848980963230132, 0.11722807228565216, 0.11777628481388092, 0.11776772543787956, 0.11870511874556541, 0.11816644906997681, 0.1176042002439499, 0.11760914325714111, 0.11772197633981704, 0.11791353046894074, 0.11720343366265297, 0.11835510462522507, 0.11796339273452759, 0.1176939731836319, 0.11792288124561309, 0.11797579884529114, 0.11810940206050873, 0.11829582273960114, 0.11788930267095565, 0.11788815140724182, 0.1179569697380066, 0.117748993486166, 0.11817777752876282, 0.11760308146476746, 0.11791904628276825, 0.11796135887503624, 0.11756093800067902, 0.11740994662046432, 0.11782634854316712, 0.11820167094469071, 0.11812991499900818, 0.11784351527690888, 0.11804011017084122, 0.11777972042560578, 0.11875219821929932, 0.11843156099319457, 0.1177109357714653, 0.11694170296192169, 0.1173861937224865, 0.11823822185397148, 0.11823869109153748]}