{"train": [0.27449634741334356, 0.19641057138933854, 0.17931608487578, 0.1746921306147295, 0.16080784087671954, 0.15356103865539325, 0.14956251198754592, 0.13357491791248322, 0.12964185677907047, 0.1252987158649108, 0.1277668692609843, 0.12456914098823772, 0.12231002546408597, 0.1200273813570247, 0.1176227603765095, 0.11525800648857565, 0.11554316001779893, 0.1163889929652214, 0.11608609443201738, 0.11651301804710837, 0.11485415749690112, 0.11408479476676267, 0.11647697012214099, 0.11482040382483426, 0.11600198728196762, 0.11407538459581487, 0.11598831292460947, 0.11470649505362791, 0.11494689750320772, 0.11662967152455274, 0.11799599747447406, 0.11682652199969572, 0.11609928493990618, 0.11310033771921607, 0.11496787807520698, 0.11705431429778829, 0.11497173914138009, 0.11552767227677738, 0.11308105132159064, 0.11466138818684746, 0.11464089724947424, 0.11613915325964198, 0.11541428504621282, 0.11442157591090482, 0.11373255585922915, 0.11780953126795152, 0.11810938593219308, 0.11531028186573702, 0.1158456307123689, 0.11479570032919155, 0.11481966420131572, 0.11687142270452835, 0.11386416344081654, 0.11529317244010813, 0.11744402086033541, 0.11623908219968572, 0.11740501733387218, 0.11540908357676338, 0.1145135388654821, 0.11496851023505716, 0.11721049021272098, 0.11506224923274096, 0.1161113077226807, 0.11606759639347301, 0.11383879333734512, 0.11353853984790689, 0.11575640965910519, 0.11498419248005923, 0.11305323593756732, 0.1138248737244045, 0.11321201946805505, 0.11426428153234369, 0.11636123113772448, 0.11485623787431155, 0.11598643923507017, 0.1167845177299836, 0.11519015168442445, 0.11442064450067632, 0.1162926072583479, 0.11647886984488544, 0.11651810442700106, 0.11300487027448766, 0.11694188941927518, 0.11788018196821212, 0.11572595080908607, 0.11380937169579898, 0.11444766591576969, 0.11620120528866262, 0.11349482054219526, 0.1141804246341481, 0.11372859013431212, 0.11470780521631241, 0.11431960779077867, 0.11378241935197045, 0.1149824800736764, 0.11544180889340008, 0.11527667422504986, 0.11430604606866837, 0.11664525778854594, 0.11586012577309328], "val": [1.197152328491211, 0.32325449109077453, 0.3214996087551117, 0.27547370076179506, 0.21450433135032654, 0.16113229036331178, 0.23488811612129212, 0.13178268671035767, 0.12533289134502412, 0.12835404813289641, 0.12690211206674576, 0.12275329604744911, 0.12739319384098052, 0.12484674423933029, 0.1171195450425148, 0.11634381145238876, 0.11528451532125474, 0.11575930312275887, 0.11589199662208557, 0.1155383887887001, 0.11377742126584053, 0.11500649750232697, 0.11501958779990673, 0.11430986821651459, 0.11408938944339753, 0.11580108940601348, 0.11494431264698506, 0.11523790895938874, 0.11499575465917587, 0.11465387172996998, 0.11436850637197495, 0.11432558178901672, 0.11391784548759461, 0.11462799355387687, 0.11503979355096818, 0.11521060824394226, 0.11462387651205062, 0.11404790490865707, 0.1143965995311737, 0.11402996450662613, 0.11437406152486801, 0.1148365369439125, 0.11412706881761552, 0.1155022606253624, 0.11488846093416213, 0.1141861030459404, 0.114527428150177, 0.11502993188798427, 0.11435920625925064, 0.11454341977834702, 0.1145848685503006, 0.11475445091724396, 0.11476365149021149, 0.11419880241155625, 0.1150173670053482, 0.11473135828971863, 0.11423642456531524, 0.11448797255754471, 0.11478597342967987, 0.11512687504291534, 0.11417008519172668, 0.11470731377601623, 0.11438922762870789, 0.11529224455356597, 0.11492936909198762, 0.11453418403863908, 0.11414609134197234, 0.11454688876867294, 0.11482164204120636, 0.11376727789640427, 0.11491893917322159, 0.11462507247924805, 0.1146871018409729, 0.114621841609478, 0.11478193402290345, 0.11465819478034973, 0.1150272697210312, 0.11449194550514222, 0.11461886525154114, 0.11465994060039521, 0.1145470404624939, 0.11501189917325974, 0.11448650240898132, 0.11453239470720292, 0.11470087170600891, 0.11440078854560852, 0.11406716763973236, 0.11488436073064805, 0.1149076908826828, 0.11487393975257873, 0.11462446331977844, 0.1146908751130104, 0.11437682151794433, 0.11534920811653138, 0.1151038634777069, 0.1144445714354515, 0.11371751070022583, 0.11421667769551277, 0.11490768641233444, 0.11511948943138123]}