{"train": [0.2706054986399763, 0.1636289442286772, 0.14084875390810125, 0.14142244703629436, 0.12222910803907058, 0.11952518505208633, 0.10567188972935956, 0.08418092149145463, 0.0749903695548282, 0.06956906914710999, 0.07279838183346916, 0.06334088979398503, 0.05834024097113048, 0.054968492599094615, 0.052447725788635366, 0.050393913905410204, 0.05067290102734285, 0.04840549379587174, 0.04775889774455744, 0.04797563202240888, 0.04809626726543202, 0.047349682844737, 0.04855819627204362, 0.04804251619121608, 0.04692714751205024, 0.047431552936049066, 0.047089086166199515, 0.04588841712650131, 0.04705506909419509, 0.045901866739287096, 0.04499822219505029, 0.045114110892309864, 0.045259441172375396, 0.048702234687174065, 0.046531071119448715, 0.046339032097774395, 0.04794878267190036, 0.044876769272720114, 0.04582343289957327, 0.04405123324078672, 0.04795307766865282, 0.04865737162968692, 0.04658114594571731, 0.049382195621728894, 0.045148382204420426, 0.04669666938921985, 0.04884273374781889, 0.0495596637182376, 0.04872083361534511, 0.04894065668477732, 0.04671898655155126, 0.046700355980326146, 0.04709353626650922, 0.04700265868621714, 0.047624129056930545, 0.04642917640945491, 0.047297935626086064, 0.04610127613824957, 0.0463027190636186, 0.049244180540828145, 0.04550381508820197, 0.04711336392690154, 0.047487692009000215, 0.04637220742947915, 0.046061970907099105, 0.048794751833466925, 0.046028104643611345, 0.04794485060607686, 0.045653830863097135, 0.04895615437451531, 0.04969001000418383, 0.04579299414420829, 0.046237637803835024, 0.048521721231586795, 0.0470286925925928, 0.04663955078405493, 0.0458804136251702, 0.048563015066525515, 0.046855599783799225, 0.04593321448739837, 0.04540514187777744, 0.047845534761162364, 0.04819721785538337, 0.046647994307910695, 0.046015315283747284, 0.047446840168798673, 0.04809376663144897, 0.046305234160493404, 0.04645330767859431, 0.046378053680938836, 0.04866683329729473, 0.04696229113375439, 0.04932604221736683, 0.046094291832517176, 0.04653091005542699, 0.04700261034509715, 0.04689672690104036, 0.04703119923086727, 0.0451575673678342, 0.04872487875468591], "val": [0.3192381823062897, 0.24269216179847716, 0.2082160997390747, 0.207341068983078, 0.26254292607307433, 0.12264436662197113, 0.11537264496088027, 0.1156636968255043, 0.11416911691427231, 0.1240486380457878, 0.12639894876629115, 0.1156669408082962, 0.11897809684276581, 0.13073896676301955, 0.1273797208070755, 0.13003463715314864, 0.1311965173482895, 0.13108402311801912, 0.12985715180635451, 0.1308404656127095, 0.13243826523423194, 0.12826667666435243, 0.1290442806482315, 0.1269102507829666, 0.13190299302339553, 0.1318202045559883, 0.13662786662578583, 0.13100272700190543, 0.13330609776079655, 0.1342739552259445, 0.1317930316925049, 0.131977601647377, 0.13154809638857842, 0.13544351279735564, 0.13564449787139893, 0.13289587274193765, 0.12868908524513245, 0.13477293208241461, 0.13241775572299957, 0.13118775203824043, 0.13334320232272148, 0.13122279554605484, 0.1287945256382227, 0.1318742486089468, 0.1353188642859459, 0.13392652213573455, 0.13075238585472107, 0.13432962834835052, 0.13153614342212677, 0.1322766636312008, 0.1310064297914505, 0.13211090385913848, 0.13211015045642852, 0.1324759704247117, 0.1348397272825241, 0.13555682938545943, 0.1299913963675499, 0.13434658139944078, 0.1279767869412899, 0.13075249373912812, 0.13100220657885076, 0.133178533911705, 0.12683475732803345, 0.13631164968013765, 0.1322403970360756, 0.13233334943652153, 0.13383388578891753, 0.13326284512877465, 0.13015688218176366, 0.12838201493024826, 0.12951752960681914, 0.12988323509693145, 0.13132907658815385, 0.1313401511311531, 0.1304287737607956, 0.12988502144813538, 0.13180773317813874, 0.1279488755762577, 0.12971013575792312, 0.13367791511118413, 0.13324112445116043, 0.12909712806344031, 0.12855955600738525, 0.1339772580564022, 0.13278115063905715, 0.13475754976272583, 0.13512665146030486, 0.13731353849172592, 0.13120372235774994, 0.1351449330151081, 0.1334485475718975, 0.1305932182073593, 0.13045974135398863, 0.13413568034768106, 0.13145034939050673, 0.13667449980974197, 0.1319783154129982, 0.13280700769275428, 0.130298752784729, 0.13114923402667045]}