{"train": [0.29638081447166553, 0.1944553892402088, 0.16529540700071, 0.16177170022445567, 0.1454563402077731, 0.14761913523954504, 0.14458975791931153, 0.12673260788707172, 0.11896612731849446, 0.11461558973087985, 0.11696231049649855, 0.10886276565930422, 0.10711680326391669, 0.10345192069516462, 0.09976880331249798, 0.0977835328263395, 0.09853391244130975, 0.09540189303019468, 0.0952508831725401, 0.09567744837087744, 0.0955932461163577, 0.09476682548137272, 0.09511888149906607, 0.09598360754111233, 0.09454889542916242, 0.09325457066297531, 0.09405797246624442, 0.09393648386878126, 0.0939100601217326, 0.09449188963455313, 0.09364082423203132, 0.09346381346969043, 0.09316340158967411, 0.09561881852500578, 0.09415605515241623, 0.09376472208429786, 0.09687497922602822, 0.09283361443701912, 0.09381133379305111, 0.09157692825092989, 0.09368635082946104, 0.09723304589005077, 0.09541505864437888, 0.09729587260414573, 0.09333174123483545, 0.09413347796482198, 0.09520115045940175, 0.09689267286482979, 0.09728951524285709, 0.09619889548596214, 0.09585746465360417, 0.09466843447264503, 0.0934601448038045, 0.09293773472309112, 0.09730657628353905, 0.09425609374747557, 0.09481454964946298, 0.09437991643653196, 0.09350884819731993, 0.09722415498074363, 0.0926753443391884, 0.09414201080799103, 0.0943611550857039, 0.09382915058556725, 0.0947075093493742, 0.0968013403170249, 0.09354178432156057, 0.09519164088894339, 0.09416542579145992, 0.09630781736444025, 0.09801347956937902, 0.09317727579790003, 0.09334237181088503, 0.09658853455501444, 0.09562650235260234, 0.09504962800180211, 0.09521556785878013, 0.09593130648136139, 0.09536014615612871, 0.0933199149720809, 0.09209701287395813, 0.09562191183076185, 0.09607091800254934, 0.09334599174120847, 0.09499482363462448, 0.09531495501013364, 0.09592394101269106, 0.09410162988831015, 0.09541579953887884, 0.09445568809614462, 0.09710003716104171, 0.09422423006857143, 0.09692949091686923, 0.09560485517277437, 0.09311466129387126, 0.09521415847189287, 0.09462371573728674, 0.09187134416664348, 0.09275666913565467, 0.09784369793008356], "val": [3.5070871925354004, 1.8495381355285645, 0.1678510570526123, 0.16372713088989257, 0.20316332191228867, 0.18898431479930877, 0.1334611016511917, 0.1138452297449112, 0.11113011449575425, 0.11008128553628921, 0.1089627604931593, 0.10604838728904724, 0.10829257488250732, 0.10715892493724823, 0.10460611894726753, 0.10503945499658585, 0.10589607357978821, 0.10707099676132202, 0.10515142396092415, 0.10527006432414054, 0.10547504395246506, 0.10582395613193513, 0.1040088939666748, 0.10365662932395935, 0.10581125944852829, 0.10543338894844055, 0.10780437678098678, 0.10611499518156052, 0.10649656072258949, 0.10834858521819114, 0.10517363041639329, 0.1046380016207695, 0.10473513841629029, 0.10703495681285859, 0.10598673939704895, 0.10535187482833862, 0.10436578035354614, 0.10710537780076265, 0.10432427704334259, 0.10512122571468353, 0.10639374628663063, 0.10444390073418618, 0.10412891417741775, 0.10556092612445354, 0.10655261054635048, 0.1051778718829155, 0.10479314565658569, 0.10528510883450508, 0.10504907667636872, 0.10464713782072067, 0.10497541606426239, 0.10521595939993858, 0.1049821624159813, 0.1046340312808752, 0.10481828391551971, 0.1061274529248476, 0.1050664609670639, 0.10599016785621643, 0.1037154683470726, 0.10488872438669204, 0.10487264454364777, 0.10670216426253319, 0.10412997126579285, 0.10686570018529892, 0.10534691005945206, 0.10532471358776092, 0.1062080842256546, 0.10613133698701858, 0.10449531584978104, 0.10400544464588166, 0.10470384359359741, 0.1046782024204731, 0.10465147241950035, 0.10457025609910488, 0.10440155208110809, 0.10572066605091095, 0.10624325126409531, 0.10408086568117142, 0.10434091597795486, 0.10689895406365395, 0.10549876272678375, 0.10492271155118943, 0.10465989768505096, 0.10569073230028153, 0.10493232429027557, 0.1052419775724411, 0.10560083188116551, 0.10682546094059944, 0.10520402938127518, 0.10632572963833808, 0.10548443108797073, 0.10394888579845428, 0.10521580994129182, 0.10540710031986236, 0.10574939370155334, 0.10738996788859367, 0.10543622076511383, 0.10521587140858174, 0.1042255699634552, 0.1044893029332161]}