{"train": [0.32809656279928545, 0.2216748826644, 0.20226820654728833, 0.18834865408785204, 0.17445912869537578, 0.1707056736244875, 0.17233126812121446, 0.15279715736122693, 0.14531232293914345, 0.14264777039780335, 0.14063038352657767, 0.13423948962898816, 0.13318593852660235, 0.13224181585452136, 0.12500503317398184, 0.12338204519713626, 0.12226481332498439, 0.12344281463062062, 0.12309204199734856, 0.125116128430647, 0.1227896956836476, 0.12067550736315111, 0.12061624325373593, 0.12041185550829943, 0.12128370667205138, 0.12293039700564216, 0.121098813151612, 0.12050386531388059, 0.12116318608031554, 0.11881629000691807, 0.12046939581632614, 0.1202834864749628, 0.12150415445075316, 0.12152195239768308, 0.11933981364264208, 0.12145557000356562, 0.12242934502222959, 0.12145914194338461, 0.11970795699778725, 0.12165789726902457, 0.11766945404164932, 0.12385093070128385, 0.12036195046761457, 0.1187136156594052, 0.11944998616681379, 0.1207157643402324, 0.12055029080194586, 0.1206745693788809, 0.12052576445481357, 0.11947917587616864, 0.12261867987758973, 0.12120234072208405, 0.1182140464291853, 0.12176264910136952, 0.1218579145915368, 0.11964884523083182, 0.12298020773074206, 0.11930957191130694, 0.12110888563534793, 0.12101830305422054, 0.12033259684548658, 0.12058526838527006, 0.11892864826847525, 0.11771358830087325, 0.12074586065376507, 0.11930620424887713, 0.1197445809841156, 0.12036180391031152, 0.11949695129604901, 0.11968029649818644, 0.12008359931847629, 0.11976384222507477, 0.12125861557090983, 0.12259308239992928, 0.11977546740980709, 0.12145967106608783, 0.12114760148174622, 0.1211471009780379, 0.11930107386673199, 0.11898004570428063, 0.11915391666047713, 0.12114040080238792, 0.12022054852808223, 0.1180616186822162, 0.11807215467971914, 0.12086620760314605, 0.1220872378524612, 0.12093599052990184, 0.12133903433294857, 0.12271628485006444, 0.11933842967538273, 0.12328875397934633, 0.1220972378464306, 0.1197685982374584, 0.11822382167858236, 0.12261938987409367, 0.11983159473713706, 0.12023244938429664, 0.11902793058577706, 0.1225960480816224], "val": [0.4674613660573959, 0.23145380973815918, 0.18286307752132416, 0.32704659819602966, 0.30870144605636596, 0.15845354616642, 0.19740220844745637, 0.1413272488117218, 0.13461143732070924, 0.13460178881883622, 0.1352293622493744, 0.13228851079940795, 0.14463715851306916, 0.12391248896718025, 0.12166957944631576, 0.12172412127256393, 0.11987547159194946, 0.12272939264774323, 0.12159199714660644, 0.12074634224176407, 0.11992338314652443, 0.12068001866340637, 0.1192767333984375, 0.11974772959947586, 0.12038248509168625, 0.12056366801261902, 0.12030584454536437, 0.12006165742874146, 0.12040978729724884, 0.11986729711294174, 0.11946598142385483, 0.12252284288406372, 0.12032999992370605, 0.12014085918664932, 0.1205378782749176, 0.12034475862979889, 0.12011482000350952, 0.11957055926322938, 0.11971855103969574, 0.1204641504585743, 0.12019529610872269, 0.12026707828044891, 0.12019285380840301, 0.12041801452636719, 0.12004029989242554, 0.1208862566947937, 0.11948786213994027, 0.12014947533607483, 0.12001005887985229, 0.12009129345417023, 0.11941351532936097, 0.12007636308670044, 0.11992888957262039, 0.11986799299716949, 0.11998640596866608, 0.11982318267226219, 0.11975515127182007, 0.12044170200824737, 0.1204177737236023, 0.12079940438270569, 0.12039078533649444, 0.120465749502182, 0.12103869169950485, 0.11956269592046738, 0.12003466248512268, 0.1194561105966568, 0.12031956911087036, 0.11974562525749206, 0.11974578022956849, 0.12047421425580979, 0.12072240233421326, 0.11956541284918785, 0.11909040868282318, 0.11999896705150605, 0.12027365446090699, 0.12044043719768524, 0.12003768205642701, 0.12068599820137024, 0.11945267736911774, 0.11948137760162353, 0.12003819167613983, 0.11973237872123718, 0.1201437258720398, 0.11978656888008117, 0.11974866524338722, 0.11940758049488068, 0.12028513103723526, 0.12009301900863648, 0.11953750252723694, 0.12107196807861328, 0.11982249885797501, 0.11995226263999939, 0.12025693327188491, 0.1203969645500183, 0.12024356231093407, 0.1197170740365982, 0.11955222845077515, 0.12022943675518036, 0.1194953365623951, 0.11986445367336274]}