{"train": [0.26332546279710883, 0.19611271935350755, 0.1829525062266518, 0.17421743712004492, 0.16141655313618042, 0.15568696137736826, 0.1555691816350993, 0.13828535903902614, 0.13483543106738258, 0.12946897543528502, 0.13086351033519297, 0.12769027475048514, 0.12701742035501143, 0.12393539004466113, 0.1207701019504491, 0.11880716269507127, 0.11904686180984272, 0.12034023465479121, 0.11933042529751273, 0.11991523241295535, 0.1185156499638277, 0.11758366560234743, 0.12015752178781172, 0.11859475374221802, 0.11896849002908258, 0.11791454238050124, 0.11947727159542196, 0.11811889217180364, 0.11889742279753965, 0.11982647688949809, 0.12162413421799155, 0.12056322807774825, 0.11953071180511923, 0.1162080969880609, 0.11847590392126757, 0.12085782009012559, 0.11789087951183319, 0.11866660047979916, 0.11693803194691153, 0.11814908560584574, 0.11783743334167143, 0.1196584717315786, 0.11887428786824732, 0.11792843298000448, 0.11682877873673159, 0.12156659329638761, 0.1210988675846773, 0.1180973535951446, 0.11939618762801675, 0.11806188085499932, 0.11804888800663106, 0.12028081934241687, 0.11707441403585321, 0.11883765713256948, 0.12110544933992273, 0.11914563100127613, 0.12007829397916794, 0.11943896290133982, 0.11814270317554473, 0.11829267407164853, 0.12076930649140302, 0.11862023753278396, 0.11870089690474903, 0.11937988260213067, 0.11695077392984839, 0.1177564593798974, 0.11883860344395918, 0.11836375291733181, 0.11677635285784216, 0.11704743863905177, 0.1170161312993835, 0.11786744182600695, 0.11968226608108072, 0.11821127463789548, 0.119326414167881, 0.12036837935447693, 0.11881430955494152, 0.11816800078924965, 0.11936797262991176, 0.11972621302394305, 0.12007206222590278, 0.1163352072238922, 0.12059519238331738, 0.1215175846043755, 0.11915204139316783, 0.1172046810388565, 0.11826644645017736, 0.11939483486554202, 0.11738407997524038, 0.11798112313537036, 0.11652235165238381, 0.11788806056275088, 0.11726482905009214, 0.11704102579285117, 0.11874327992691713, 0.11844915449619293, 0.11877781257909888, 0.11772537713541704, 0.12009991845663856, 0.11971418454366571], "val": [0.38048483967781066, 0.20631035447120666, 0.2885297214984894, 0.5057694005966187, 0.1569773355126381, 0.22308539867401123, 0.255835200548172, 0.137814182639122, 0.12768714904785156, 0.13012459754943848, 0.12448552370071411, 0.1229536059498787, 0.12851307421922684, 0.14852734088897704, 0.12297300010919571, 0.12058666497468948, 0.12056082516908645, 0.12119315139949322, 0.12154911398887634, 0.12105084955692291, 0.11952581450343132, 0.1207638368010521, 0.12060658060014248, 0.1195168736577034, 0.11975605100393295, 0.12167382895946503, 0.1204237412661314, 0.12053200125694274, 0.12061958268284798, 0.12008405990898609, 0.1197718945145607, 0.12000142335891724, 0.1194576770067215, 0.1205259944498539, 0.12091825664043426, 0.1207998287677765, 0.12028542309999465, 0.11967827588319778, 0.12033740699291229, 0.11955209493637085, 0.1199044132232666, 0.12043536216020584, 0.11978026419878006, 0.12125042170286178, 0.12068082451820374, 0.11946330726146698, 0.12006890833377838, 0.12079028278589249, 0.11980897217988967, 0.12005723387002945, 0.12037473320960998, 0.1199331510066986, 0.11992163717746734, 0.12003387242555619, 0.12045116245746612, 0.1198939996957779, 0.11999303728342056, 0.12007361531257629, 0.12045954048633575, 0.12099984079599381, 0.11949597239494324, 0.12014602422714234, 0.12009454190731049, 0.12113949939608575, 0.12035291433334351, 0.12003118842840195, 0.11986499011516571, 0.12001506626605987, 0.12010599732398987, 0.11945213764905929, 0.1205442264676094, 0.12013073146343231, 0.11978914976119995, 0.1201771467924118, 0.12015894293785095, 0.12060354709625244, 0.12051601529121399, 0.1201370269060135, 0.12019575119018555, 0.12015126794576644, 0.11989971876144409, 0.12026543319225311, 0.11973253011703491, 0.120146404504776, 0.12016910344362258, 0.11988294541835785, 0.11973242908716202, 0.11998273074626922, 0.1204101449251175, 0.12021218776702881, 0.12013875365257264, 0.12039499461650849, 0.12008688092231751, 0.12091600239276885, 0.12045334160327911, 0.11983044028282165, 0.11909748554229736, 0.11942391335964203, 0.12037579625844956, 0.1206057095527649]}