{"train": [0.2822129826335346, 0.21038742977030137, 0.19137000651920544, 0.18832986600258772, 0.1725371604456621, 0.15962381555753596, 0.16540422273032807, 0.14514621075461892, 0.14296578624669243, 0.13722441810018876, 0.1394933052799281, 0.13583150979350594, 0.13389246025506188, 0.13114472084185658, 0.1307473880403182, 0.1287601137862486, 0.12935936205527362, 0.1299442716381129, 0.12971773883875679, 0.12963784722720875, 0.12876076286329943, 0.12766501886003156, 0.1298448259339613, 0.12863847841234768, 0.12907589665230582, 0.12791478283265056, 0.12943601345314698, 0.1283037140088923, 0.12864725800121532, 0.1300972324960372, 0.13173142969608306, 0.1316096065675511, 0.12944045750533834, 0.127145352083094, 0.12857860782567193, 0.13022463461932013, 0.1281014959601795, 0.12906043915187612, 0.12772516064784106, 0.12850387061343474, 0.12783626466989517, 0.12940359501277698, 0.12897379336988224, 0.12827998820473166, 0.1276076904114555, 0.1317323230645236, 0.13138293553801145, 0.1283922881764524, 0.12979732874561759, 0.12868780099293764, 0.12820829714045806, 0.1305126865120495, 0.1278689773643718, 0.12898551138008343, 0.13144792335874894, 0.12982877326362274, 0.13058340365395826, 0.12972994271446678, 0.1283539800082936, 0.12863756558474373, 0.13036180909942177, 0.12899616571033704, 0.12909443816717933, 0.13003630918615006, 0.12731827462420744, 0.12767111694111544, 0.1293519285671851, 0.1288683779975947, 0.12668958297547173, 0.1275662040885757, 0.12763657727662256, 0.1283881978077047, 0.1294916016214034, 0.12799207392860862, 0.12908118910649244, 0.13024667501449586, 0.12938523345133837, 0.12849331165061278, 0.12937650163384046, 0.1298040986937635, 0.13000818981843837, 0.1268277157755459, 0.13051004374728484, 0.13120377344243667, 0.12909143356715932, 0.12755327031892888, 0.12848400350879222, 0.12947467013316996, 0.12774912872735192, 0.12783424775390065, 0.12736953628413816, 0.12818420248873094, 0.1278646377956166, 0.127624752591638, 0.1285373486140195, 0.12882332749226513, 0.12958204553407782, 0.12775701074039233, 0.12979004540864159, 0.12999042640714084], "val": [0.2388558965921402, 0.263292224407196, 0.2421208180487156, 0.21275903463363646, 0.1594098314642906, 0.1577717024087906, 0.3001413244009018, 0.2608553856611252, 0.13378507494926453, 0.136029189825058, 0.13267746329307556, 0.1338237476348877, 0.12844720840454102, 0.16287097275257112, 0.12578438252210616, 0.12515510857105255, 0.12438325822353363, 0.1247334535419941, 0.12499967694282532, 0.12545105576515198, 0.12418201357126236, 0.12435944944620132, 0.12418467476963997, 0.12397258639335633, 0.12379272371530532, 0.1247931694984436, 0.1238611552119255, 0.1244173777103424, 0.1243471747636795, 0.12394939213991166, 0.12405239254236221, 0.12404072523117066, 0.12388598442077636, 0.12369736343622208, 0.12399541944265366, 0.12447234153747559, 0.12415962427854538, 0.12395694255828857, 0.12386936008930206, 0.12400115191936494, 0.1242884561419487, 0.12454417735338211, 0.12421699225902558, 0.12473707050085067, 0.1241133040189743, 0.12391826450824737, 0.12425433933734893, 0.12425527587532997, 0.12393754303455352, 0.12416642248630523, 0.12379152655601501, 0.12435826778411865, 0.12454726040363312, 0.12378374010324478, 0.12434211552143097, 0.12440085768699646, 0.12365247488021851, 0.12404528498649597, 0.1240088164806366, 0.12424220561981202, 0.1238991391658783, 0.12383960127830505, 0.12400992110371589, 0.12433612063527107, 0.12418724775314331, 0.12394590854644776, 0.1236984008550644, 0.12401099681854248, 0.12453088819980622, 0.12378172814846039, 0.12426725655794144, 0.12422897934913635, 0.12420478284358978, 0.1238938620686531, 0.12403270244598388, 0.12397595942020416, 0.12425642490386962, 0.12418892711400986, 0.12398683428764343, 0.12409364968538285, 0.12430310174822808, 0.12447751641273498, 0.12420429348945618, 0.12420096755027771, 0.12408859193325043, 0.12390270352363586, 0.12391036242246628, 0.12450037658214569, 0.12434524208307267, 0.12405011296272278, 0.1241092026233673, 0.12419613867998124, 0.12417493343353271, 0.12463192462921142, 0.12443369388580322, 0.12391307920217515, 0.12354717314243317, 0.12421847075223923, 0.12408185988664627, 0.12410780072212219]}