{"train": [0.25080398163374734, 0.18452360857935513, 0.16535501629114152, 0.15736946235684787, 0.14705285193289028, 0.13821687540587257, 0.13818645845441258, 0.129781113652622, 0.12950835929197424, 0.1265482593108626, 0.12894166094415327, 0.12629215559538673, 0.1250669183099971, 0.12456006881068735, 0.12363139566253213, 0.1221297545468106, 0.1226757915580974, 0.12419285704107845, 0.12337149258922128, 0.12425423317095813, 0.12333309518940308, 0.12237905141185312, 0.12470360380761764, 0.12357950727729236, 0.12460206641870386, 0.12260096669197082, 0.12421525453819948, 0.12293160031823551, 0.12418665360001957, 0.12527034142438104, 0.1261828511953354, 0.12584484158193363, 0.12485508322715759, 0.12207865855273078, 0.12330714446656844, 0.12522415799253128, 0.12315317462472354, 0.12418615607654347, 0.1224270843407687, 0.12308636667097315, 0.12303186313194388, 0.12438256845754736, 0.12390362830723033, 0.12317329312072081, 0.12253826225505156, 0.12666378494571237, 0.12601940561743344, 0.12323497823056052, 0.12471699960091535, 0.12345436688731698, 0.12274764074998744, 0.1256648458978709, 0.12283754278631771, 0.12426557242870331, 0.1265294520293965, 0.12486574807587791, 0.12565634960637373, 0.12429704359349082, 0.12314453037346111, 0.12346541934153613, 0.125562046380604, 0.12362679295680103, 0.12420641779899597, 0.12483525188530192, 0.12194190779153039, 0.12257673819275464, 0.12430164656218361, 0.12348872971008806, 0.12150882324751686, 0.12252928667208728, 0.12195792610154432, 0.1231661848285619, 0.12504702824003555, 0.12303382684202756, 0.12425428690279232, 0.1254610182607875, 0.1240032806115992, 0.12348779562641593, 0.12483219232629328, 0.12512866206028883, 0.12544008633669684, 0.12127022497794207, 0.12555949074380537, 0.12646068685195025, 0.12455189946819754, 0.12250254732720992, 0.12329477737931645, 0.1245557931416175, 0.1223385107867858, 0.12278486709384358, 0.12225385299500297, 0.12292134910821914, 0.12258237276007147, 0.12241049759528216, 0.12355581688530305, 0.1242441450848299, 0.1240697312004426, 0.12292102847029181, 0.12498510970788844, 0.12497562923852135], "val": [0.3185002988576889, 0.1992041689157486, 0.22892004787921905, 0.21261074662208557, 0.3159500443935394, 0.16132779359817506, 0.15404384434223176, 0.1261077642440796, 0.1291338175535202, 0.12252227663993835, 0.12967509657144546, 0.12992199569940566, 0.12395351558923721, 0.12183622926473618, 0.12215362340211869, 0.12196359306573867, 0.12193199068307876, 0.12264882370829583, 0.12281865358352662, 0.12253625869750977, 0.12102142363786697, 0.12145568251609802, 0.12151339344680309, 0.12101163923740386, 0.12092398434877395, 0.12248651385307312, 0.12166366718709469, 0.12187668144702911, 0.1219690591096878, 0.12146662667393684, 0.12132495433092118, 0.121445574760437, 0.12106699407100678, 0.12192080736160278, 0.12205576241016387, 0.12195846676826477, 0.12166108936071396, 0.1212677964568138, 0.12152209103107453, 0.12123773872852325, 0.1214608895778656, 0.12170071870088578, 0.12133180975914001, 0.12237417876720429, 0.12206108421087265, 0.1211493319272995, 0.12153352320194244, 0.12187453761696815, 0.12130364328622818, 0.12162797510623932, 0.1217137885093689, 0.12159149646759033, 0.12165205121040344, 0.12139825224876404, 0.12173723697662353, 0.12142127007246017, 0.12146337330341339, 0.12151950120925903, 0.12187095522880555, 0.12212242484092713, 0.12118667483329773, 0.12151832342147827, 0.12142967715859414, 0.12208792328834533, 0.12184704661369324, 0.12166879087686538, 0.12135771989822387, 0.1214360797405243, 0.12181066036224365, 0.1208953882753849, 0.12182888120412827, 0.12150970220565796, 0.12130773425102234, 0.12149729639291763, 0.12163832426071167, 0.12181654751300812, 0.12183013498783112, 0.12160794347524644, 0.12155553460121155, 0.12151393234729767, 0.12135578870773316, 0.12174224376678466, 0.12131422996520996, 0.12160397171974183, 0.12157597810029984, 0.12133930325508117, 0.12117781519889831, 0.12180805772542953, 0.12171054065227509, 0.12168021678924561, 0.12160161793231965, 0.12194621920585633, 0.12145903587341308, 0.12199922263622284, 0.12183295905590058, 0.12138114392757415, 0.12082707405090332, 0.12106451511383057, 0.12164681404829025, 0.12183029174804688]}