{"train": [0.28565225776504066, 0.21258221566677094, 0.18673297272009007, 0.17769229096524855, 0.1720921863527859, 0.16189214043757494, 0.16148430477170383, 0.1455954488585977, 0.1418892863918753, 0.13685706634731853, 0.13882948791279512, 0.1355586917961345, 0.13287269885049147, 0.13071526131209205, 0.12814486508860307, 0.12495952388819526, 0.12475709389237796, 0.12621401828878065, 0.12456474461976219, 0.12491460775627809, 0.12327338869080824, 0.12258925508050357, 0.12579190240186802, 0.12375810312874178, 0.12395933191565907, 0.1227966218310244, 0.12530050751040964, 0.12392191667767131, 0.12354158934424905, 0.12610093933694502, 0.12669829314245898, 0.126146436438841, 0.12484065548462027, 0.12207097814363592, 0.12358903779703027, 0.12587121514713062, 0.12318024170749328, 0.12376851123922011, 0.12127291980911703, 0.1234567972667077, 0.12305853778825086, 0.1255637742140714, 0.12433028107180315, 0.12333275816019844, 0.12264862726716434, 0.12830040735356948, 0.12653934613746756, 0.12383681316586102, 0.1250459559261799, 0.12315849951084923, 0.12303214638548739, 0.12615032643079757, 0.12223451654700672, 0.12440250910380307, 0.12630266538437676, 0.12470210685449488, 0.1256368735257317, 0.12411557322039324, 0.12334612607955933, 0.12301993370056152, 0.12525531781070373, 0.124066401404493, 0.12431166443754645, 0.12495072571670308, 0.12200816633070216, 0.12280701100826263, 0.12417757852989085, 0.12390088916701429, 0.12195969337926191, 0.12191908026442808, 0.1225307641660466, 0.12321353563491036, 0.12448098992600161, 0.12352194926318, 0.12460532512734918, 0.12553277979878819, 0.12417982062872718, 0.1234855187289855, 0.12487622087492663, 0.12485286768744974, 0.12562835128868327, 0.12168287143987767, 0.12581031848402585, 0.12637526252690484, 0.12451309614321765, 0.12248554264797884, 0.12357868184061611, 0.12467507351847255, 0.12287128865718841, 0.12322182602742139, 0.12249396048924502, 0.12346939768861322, 0.12308915345107808, 0.12206462867119733, 0.12433476938920862, 0.12391422092914581, 0.12372609736288295, 0.12309887724764207, 0.1256839252570096, 0.12457893823876101], "val": [0.23894335627555846, 0.25045527577400206, 0.20251330912113188, 0.27536207556724546, 0.16954152792692184, 0.20539976716041564, 0.2659261763095856, 0.14002439200878145, 0.1333898586034775, 0.1377103155851364, 0.13184875309467314, 0.13131700545549393, 0.15780487895011902, 0.14225499272346498, 0.12415216982364655, 0.12370891392230987, 0.12209991246461868, 0.12204143583774567, 0.12219117283821106, 0.1219639465212822, 0.12055207431316375, 0.12174871295690537, 0.12156211525201797, 0.1202367040514946, 0.12065993279218673, 0.1226810121536255, 0.12114919111132622, 0.12130473852157593, 0.12151977822184562, 0.12063730046153069, 0.12058577299118042, 0.12071519076824189, 0.12032769858837128, 0.12079515665769577, 0.12152892410755158, 0.12190767526626586, 0.12116096049547195, 0.1205118402838707, 0.12116494655609131, 0.1205338105559349, 0.12072360634803772, 0.12140048325061797, 0.12078906893730164, 0.12211371123790742, 0.12129690527915954, 0.12025803089141845, 0.12079124450683594, 0.12173755675554275, 0.12076275914907456, 0.12094816893339157, 0.12094616532325744, 0.1208436381816864, 0.12083257555961609, 0.12090140759944916, 0.1212667739391327, 0.1209719717502594, 0.12047181159257889, 0.12094973623752595, 0.12105940103530884, 0.12175141960382461, 0.1201975703239441, 0.12076770067214966, 0.12091623187065124, 0.12181928664445878, 0.12107531428337097, 0.12098140120506287, 0.12054070472717285, 0.12095255970954895, 0.12078973948955536, 0.12024672880768776, 0.12143972873687744, 0.12116616308689117, 0.12091207146644592, 0.12098603844642639, 0.12063873052597046, 0.12136107504367828, 0.12145537734031678, 0.12082419604063034, 0.12105772018432617, 0.12103153452277184, 0.12082096874713898, 0.12126526415348053, 0.12056105136871338, 0.12100616872310638, 0.12086312934756278, 0.12067791402339935, 0.12050031036138535, 0.12084360659122467, 0.12132944107055664, 0.12133113384246826, 0.12097024142742158, 0.12075776070356369, 0.12087556540966034, 0.12186598241329193, 0.121548210978508, 0.12074527233839034, 0.12000555872917175, 0.12074806526303292, 0.12137809723615646, 0.12149245619773864]}