{"train": [0.285838106099297, 0.2196237169644412, 0.19253485360566308, 0.18343141552279976, 0.17042426800026614, 0.1614728314035079, 0.16043102487045177, 0.14499407322967753, 0.1396624148768537, 0.1349428811494042, 0.13704166762969072, 0.13451794000232922, 0.13107741659178454, 0.1291379286962397, 0.12631792110555312, 0.12295637788141475, 0.12268497347831726, 0.12432294891161078, 0.12316520932842703, 0.12307005507104538, 0.12146607900367064, 0.12049184371443356, 0.12344275239635916, 0.12191889584064483, 0.12234651823254193, 0.12090217918157578, 0.1233419285977588, 0.12156640843433493, 0.12173978581148036, 0.12351193173843271, 0.12461734791012372, 0.12370896111516391, 0.12286553452996647, 0.11987907237866345, 0.12131163740859312, 0.12389348640161402, 0.12145330984802807, 0.12185788452625275, 0.11975587694083943, 0.12145052981727264, 0.12045686166076099, 0.12345621655969059, 0.12192911637179991, 0.12109478834797355, 0.12083162612774793, 0.12553945779800416, 0.12475937052684671, 0.12201377872158499, 0.12240885662681916, 0.12112246567712111, 0.12096362569752861, 0.1244125353939393, 0.12052861189140993, 0.12201671977253521, 0.12470959635341869, 0.12277879574719597, 0.12378992718808791, 0.12195916938431123, 0.12139403697322397, 0.12124286872499129, 0.12360162770046908, 0.12168825189856922, 0.12221693203729742, 0.12230753302574157, 0.12040002205792595, 0.12116029455381282, 0.12227231728679994, 0.1216039038318045, 0.11984619577141369, 0.12028595147763982, 0.12024367477963953, 0.1216258523218772, 0.12283745811266057, 0.12148240331341238, 0.12259129057912266, 0.12351796627044678, 0.12234235178021824, 0.12148542421705583, 0.12262849413296756, 0.12249875691007166, 0.12338781812611749, 0.11960348241469439, 0.1237773935584461, 0.12452818698742811, 0.1227018407162498, 0.12017066846875583, 0.12138146477587083, 0.12227430790662766, 0.12093845938935, 0.12139135493951685, 0.12044119501815123, 0.12138084830606685, 0.12111664703663658, 0.12044959716937122, 0.1225639068028506, 0.12159986005109899, 0.12169917778057211, 0.12112725832883049, 0.12397186142556807, 0.12240303544437184], "val": [0.24217867255210876, 0.3844225937128067, 0.3017767822742462, 0.19556375503540038, 0.1620485121011734, 0.16013431966304778, 0.17921455800533295, 0.13488812148571014, 0.12647230803966522, 0.13483937412500382, 0.12374064773321151, 0.12416069611907005, 0.13468010276556014, 0.12309362202882766, 0.12050078958272933, 0.11907085001468659, 0.11758919268846511, 0.11853200405836105, 0.11772168397903443, 0.11771734222769738, 0.11651667788624763, 0.11729432135820389, 0.11734027460217476, 0.11621058851480484, 0.11638438701629639, 0.11840605556964874, 0.11685043051838875, 0.11711519718170166, 0.11721340954303741, 0.11633253037929535, 0.11650165110826492, 0.11662371575832367, 0.11653641760349273, 0.11724400922656059, 0.11756415516138077, 0.117541983127594, 0.11723954111337662, 0.11630240857601165, 0.11692447483539581, 0.11630192250013352, 0.11658858984708786, 0.11707588523626328, 0.11649430632591247, 0.11796049296855926, 0.1174766629934311, 0.11628596156835556, 0.11651683151721955, 0.11756634786725044, 0.11636951535940171, 0.1165851253271103, 0.11729963898658752, 0.11659462690353393, 0.11660321950912475, 0.11672062367200851, 0.11670356154441834, 0.1166691467165947, 0.11634036332368851, 0.1165748292207718, 0.11711491405963897, 0.11755347937345505, 0.11616400599479676, 0.11643939554691314, 0.11646437525749206, 0.11767890259623527, 0.11675675749778748, 0.1162957975268364, 0.11706155121326446, 0.11667735040187836, 0.11641083955764771, 0.11624001398682594, 0.11727596193552017, 0.11710574507713317, 0.11653108179569244, 0.11671362102031707, 0.11654253125190735, 0.11740722596645355, 0.11724515736103058, 0.11665418714284898, 0.11672777771949767, 0.11700856417417527, 0.1166046518087387, 0.11690177977085113, 0.11635047912597657, 0.11705388188362122, 0.11706294849514962, 0.11658141613006592, 0.11621847093105316, 0.11651426613330841, 0.11706577181816101, 0.11693713366985321, 0.11657777786254883, 0.11659954339265824, 0.11651028871536255, 0.1174954354763031, 0.11744377613067628, 0.11673554927110671, 0.11588577628135681, 0.11643357336521148, 0.11702404662966728, 0.11709132194519042]}