{"train": [0.2671379133182413, 0.19225623607635497, 0.18285160257535824, 0.17016912418253283, 0.16093830729232114, 0.14973374324686387, 0.1508127246709431, 0.13362659443827235, 0.1308739275616758, 0.12595466927570456, 0.1277709499878042, 0.12493095731033999, 0.1229917668244418, 0.12149285516318153, 0.11856372102218515, 0.11657299662337584, 0.11683138503747828, 0.1177852972465403, 0.1170191475573708, 0.11804952533806072, 0.11625831433955361, 0.1153407715699252, 0.11789262321065454, 0.11652085456778022, 0.11699123812072418, 0.1154469684642904, 0.11746538158725289, 0.11597643354359795, 0.11639391350395539, 0.11785239401985617, 0.11951101685271544, 0.11835945879711825, 0.11764342346612144, 0.11439108848571777, 0.11670625227339128, 0.11847002173171324, 0.11609510323580574, 0.11665483309942133, 0.11481635745833901, 0.11589202276047539, 0.11537010722300585, 0.11752019226551055, 0.11685516229447196, 0.11561318618409774, 0.11502437205875621, 0.11950630186235203, 0.11957006086321438, 0.11642852180144365, 0.11710113637587603, 0.11593320396016626, 0.1160258017042104, 0.11815371329293531, 0.1151635723955491, 0.1165890287827043, 0.11896632191012887, 0.11694727504954619, 0.11825653025332619, 0.11704813469858731, 0.11576334991875817, 0.11612244458759532, 0.11827768920099034, 0.11635406113722745, 0.11718436006237479, 0.11711666338584002, 0.11497011885923498, 0.11526760888450285, 0.116985782893265, 0.11628710013978621, 0.11428017519852694, 0.11507139635436675, 0.1145293628468233, 0.1157656911541434, 0.11775887748774361, 0.11605243191999548, 0.11727449026177911, 0.11838745325803757, 0.11675772789646598, 0.11603589916930479, 0.11725709201658473, 0.11781079541234409, 0.11794035224353566, 0.11412235147812787, 0.11846348503056695, 0.119489086375517, 0.11714685909888324, 0.11526926948743708, 0.11603538131012636, 0.11745432290960761, 0.11497405697317685, 0.11586301677367267, 0.11469769499757711, 0.11575399295372121, 0.11520998828551349, 0.11499223113059998, 0.1166839351548868, 0.11636704206466675, 0.11673295156044118, 0.11557030712856967, 0.11791581055697273, 0.11737930651973276], "val": [0.4867877733707428, 0.27461582303047183, 0.26463027119636534, 0.4015593957901001, 0.1458568635582924, 0.2057695633172989, 0.21997722923755647, 0.13072536051273345, 0.12507456570863723, 0.1304448825120926, 0.12274267077445984, 0.12392360106110573, 0.13060716688632965, 0.14327485918998717, 0.12103234946727753, 0.11887498289346694, 0.11826997965574265, 0.1192807075381279, 0.11972763955593109, 0.1189367762207985, 0.11698036313056946, 0.11825041979551315, 0.11832112036645412, 0.11740763992071152, 0.11734383702278137, 0.11938443899154663, 0.11823843196034431, 0.11851946711540222, 0.11855959862470627, 0.11795375615358353, 0.11762442648410797, 0.11771167755126953, 0.11718711137771606, 0.1182629919052124, 0.11855946749448776, 0.11855007767677307, 0.11809477776288986, 0.11744124323129654, 0.11794757544994354, 0.11747455090284348, 0.11750126212835312, 0.11817911922931672, 0.11752258718013764, 0.1190945053100586, 0.11850146293640136, 0.11737355768680573, 0.11786741077899933, 0.11863612368702889, 0.11773717284202576, 0.11782589018344879, 0.11803457200527191, 0.11797943472862243, 0.11800643980503082, 0.11767129629850387, 0.11835886240005493, 0.11789432793855667, 0.11769319146871567, 0.11793051064014434, 0.11816338658332824, 0.11870344817638397, 0.11749831974506378, 0.11801875293254853, 0.11793567195534706, 0.11882995903491973, 0.1183415675163269, 0.117989941239357, 0.11753441154956817, 0.1179586809873581, 0.11813226222991943, 0.11713663801550865, 0.11839881703257561, 0.11793422222137451, 0.11781474947929382, 0.11806124597787857, 0.11803462624549865, 0.11826793432235717, 0.11835976243019104, 0.11798919767141341, 0.11800326108932495, 0.11788993746042252, 0.11773836106061936, 0.11828146666288376, 0.1176808488368988, 0.11801730453968048, 0.11785677760839462, 0.11768308579921723, 0.11764123767614365, 0.11801269710063934, 0.11837785273790359, 0.11817545235157013, 0.11806757628917694, 0.11825378000736236, 0.11788295328617096, 0.11874700725078582, 0.11842597365379333, 0.11766326695680618, 0.11703475177288056, 0.11741200178861617, 0.1182517197728157, 0.118522310256958]}