{"train": [0.2469691276550293, 0.17948252471054302, 0.16058973634944243, 0.15525996860335856, 0.14622898654026142, 0.14033904584015117, 0.13955683655598583, 0.1286328673362732, 0.12961866469944225, 0.12621977863942876, 0.12920004830640905, 0.12634910011992734, 0.12541334988439784, 0.12449196121271919, 0.12384841819019879, 0.12251960354692795, 0.12288066201350269, 0.12438559199080748, 0.12360990555847393, 0.12437401308732875, 0.12358395939364153, 0.12269735441488379, 0.12498087576206993, 0.12363264490576352, 0.12466375775196974, 0.12304913848638535, 0.12445325527121039, 0.12312205810757244, 0.12430979258873884, 0.12536688341813929, 0.12642622642657336, 0.12580938330468008, 0.1250800273874227, 0.12240316271781922, 0.12365194085766287, 0.1254989751998116, 0.1233160245067933, 0.12442324126467985, 0.12277740695897271, 0.12359080428586286, 0.12311207064810921, 0.12444125212290708, 0.1241638100322555, 0.1233898590592777, 0.12277435572708355, 0.12683247976443346, 0.1264798912931891, 0.12355895217727213, 0.12491104655406055, 0.12376337165341658, 0.12331144529230455, 0.12592386778663187, 0.12318342152763816, 0.12450722017708947, 0.12660269570701263, 0.12506143301725386, 0.12575112142983605, 0.12450065717977636, 0.12344219298923717, 0.12375001696979299, 0.12563971973517363, 0.12393931229324902, 0.1243489682674408, 0.12495298087596893, 0.12225384493084515, 0.12296719331951703, 0.12467935243073631, 0.12357004013131646, 0.12185862362384796, 0.12284344574984382, 0.12202621786033406, 0.1235317563309389, 0.12523959822514477, 0.12335797057432286, 0.1247295798624263, 0.12555651331649106, 0.12412427523556878, 0.12356166243553161, 0.1251070184742703, 0.1253146495889215, 0.12574778725119198, 0.12171028221354765, 0.12588070648558, 0.12687003016471862, 0.12460263529244592, 0.12268684576539432, 0.12370118674109964, 0.12472174938987284, 0.12281634509563447, 0.12300353865413105, 0.12265223141978769, 0.12304122649571475, 0.12294914240346236, 0.12248534998472999, 0.12387875853215947, 0.12441772415357477, 0.12425753658308702, 0.12317561586113537, 0.12516053669592914, 0.125021533054464], "val": [0.599679765701294, 0.25367740750312806, 0.21944994270801543, 0.17438430428504945, 0.4299463403224945, 0.16126569867134094, 0.17903434336185456, 0.12314004600048065, 0.12381553828716278, 0.12363543838262558, 0.1249727737903595, 0.13558876305818557, 0.12459664076566696, 0.1481185460090637, 0.12211758852005004, 0.12225249320268632, 0.12232300668954849, 0.1227213516831398, 0.12316795349121094, 0.122886293977499, 0.12112561225891114, 0.12169857203960419, 0.12180070832371712, 0.12113783776760101, 0.1210413235425949, 0.12270277023315429, 0.12181691065430642, 0.12207217991352082, 0.12220426142215729, 0.1217237277328968, 0.12159275233745576, 0.12160664737224579, 0.12108138799667359, 0.1220616054534912, 0.12220361113548278, 0.1220931339263916, 0.12187173575162888, 0.12141400009393692, 0.1217047905921936, 0.12135512769222259, 0.12149476587772369, 0.12193448007106782, 0.12140227317810058, 0.12267069220542907, 0.12219568520784378, 0.12131759852170944, 0.1217043298482895, 0.1220310851931572, 0.12149664670228959, 0.1217703640460968, 0.12186235070228577, 0.12175178170204162, 0.12182068705558777, 0.12147630333900451, 0.1219979178905487, 0.12160546481609344, 0.12164165914058685, 0.12160219430923462, 0.1220109224319458, 0.12231154918670654, 0.12132554650306701, 0.12172814428806306, 0.12162271872162819, 0.12228401258587837, 0.1220963203907013, 0.12189971417188644, 0.12147343575954438, 0.12164730161428451, 0.12196455657482147, 0.12102234244346619, 0.12188006564974785, 0.1215937352180481, 0.12144436538219452, 0.1217084538936615, 0.12183586120605469, 0.12195158541202546, 0.12196884751319885, 0.1217717182636261, 0.12169326186180114, 0.12154921293258666, 0.12153076857328415, 0.12196224302053452, 0.12152979135513306, 0.12183167636394501, 0.12166449904441834, 0.12144269227981568, 0.1214076218008995, 0.12201051831245423, 0.12199465543031693, 0.12186624705791474, 0.12171175181865693, 0.12209615141153335, 0.1216803914308548, 0.12223674178123474, 0.12191336929798126, 0.12150592088699341, 0.1208828067779541, 0.12117632418870926, 0.12190772995352744, 0.1219614052772522]}