{"train": [0.2910235327832839, 0.20057595118003732, 0.17402599296149085, 0.1668020222116919, 0.15831201812800239, 0.14610511520329644, 0.14488227779374402, 0.13350149200243108, 0.1321157174075351, 0.12771084974793828, 0.13081502651467042, 0.12810626135152928, 0.12590415758245133, 0.12490492094965543, 0.12347480198916266, 0.1219327623353285, 0.12214044507812051, 0.12323524995761759, 0.1227285409674925, 0.12368580839213203, 0.12250717685503118, 0.12159625677501454, 0.12395025202456643, 0.12252522067112082, 0.1231036620981553, 0.12148374897592208, 0.12302861020845525, 0.12191810283590765, 0.12260617263176862, 0.12392727031427271, 0.12519529707291546, 0.12484866985503365, 0.12350201264900319, 0.12084576487541199, 0.12263929072548362, 0.12433904742493349, 0.12204302786027683, 0.1227799671537736, 0.12101809785646551, 0.12192626411423964, 0.12157570071080152, 0.12319921684615752, 0.12294481642106, 0.12162551187417087, 0.12156260644688326, 0.12538777423255584, 0.12539853453636168, 0.12248219654840582, 0.12338720367235297, 0.12191585249760571, 0.12164575860780828, 0.1243713956545381, 0.12160201195408316, 0.12303981482982636, 0.12511593366370483, 0.12360186103512259, 0.12438165282501894, 0.12303567265763002, 0.1221512166892781, 0.12252177000045776, 0.12450860379373326, 0.12278278058066087, 0.12307115609154981, 0.12353188115007738, 0.12102495940292583, 0.1213575038839789, 0.1233133068856071, 0.12236472618053941, 0.12030629287747775, 0.12134453023181242, 0.12110873031265595, 0.1217513604199185, 0.12345185805769528, 0.12222333410206963, 0.12300674284205718, 0.12431911054779501, 0.1227170896880767, 0.12199150692014134, 0.12344500045565998, 0.12404527383692124, 0.1240858793258667, 0.12000841270474827, 0.12485364693052628, 0.12527428882963518, 0.12339354753494262, 0.12106317316784579, 0.12227504516349119, 0.1232644499224775, 0.12127706075415892, 0.121640625946662, 0.12102954124703127, 0.12166606520905214, 0.1214769604451516, 0.12115234942997204, 0.12246141083100263, 0.12276116083650028, 0.12337862060350531, 0.12166747652432498, 0.12386810779571533, 0.12353360249715693], "val": [0.3138633418083191, 0.19201312839984894, 0.20632147341966628, 0.2550379419326782, 0.34222611904144284, 0.24605449616909028, 0.16716851592063903, 0.12937381863594055, 0.12498970746994019, 0.125222547352314, 0.12357972234487534, 0.12570302844047546, 0.12306475877761841, 0.13907128751277922, 0.1210240763425827, 0.12131688356399536, 0.12001268744468689, 0.1207945965230465, 0.11960848450660705, 0.1201988387107849, 0.1181369487941265, 0.11879510879516601, 0.11897057928144932, 0.11857423216104507, 0.11845080971717835, 0.11969012677669526, 0.11896278455853462, 0.11930336058139801, 0.11930419921875, 0.11914322763681412, 0.11900722920894623, 0.11885131239891052, 0.11845360577106476, 0.11868354618549347, 0.11892656683921814, 0.11917631149291992, 0.11896482437849044, 0.11901308834552765, 0.11872018873691559, 0.1187682369351387, 0.11879219084978104, 0.11910113573074341, 0.11875903964042664, 0.11954987764358521, 0.11897009938955307, 0.11886470824480057, 0.11896039009094238, 0.11918230816721916, 0.1189205914735794, 0.11907847821712494, 0.11857740521430969, 0.11925233662128448, 0.11931161224842071, 0.11853339672088622, 0.11932067632675171, 0.11914028286933899, 0.11864805430173873, 0.11895161926746368, 0.11889505684375763, 0.11909224987030029, 0.11885849952697754, 0.118956778049469, 0.11888976097106933, 0.11907262668013573, 0.11928845703601837, 0.1191430252790451, 0.11843497395515441, 0.1188620114326477, 0.11938999354839325, 0.11831578761339187, 0.1189968590438366, 0.11879685878753662, 0.11904006481170654, 0.11887565791606904, 0.1189197289943695, 0.11881927609443664, 0.11899588704109192, 0.11897877812385559, 0.11894200563430786, 0.11873041391372681, 0.1188860860466957, 0.11927146881818772, 0.11901449561119079, 0.11895722389221192, 0.11871474474668503, 0.11864545345306396, 0.11875284790992736, 0.11945078194141388, 0.11919855326414108, 0.11896156787872314, 0.11898037552833557, 0.11919580280780792, 0.11891434371471404, 0.11933984458446503, 0.11916320919990539, 0.11868968844413758, 0.11846167504787446, 0.11894856855273246, 0.11917193710803986, 0.11918527960777282]}