{"train": [0.2859716040246627, 0.20825230724671306, 0.18501026507686166, 0.17263695054194506, 0.16576138901359894, 0.1523166703827241, 0.15094567589900074, 0.1360628778443617, 0.13352473281762178, 0.12823124931139104, 0.1311914563179016, 0.12861761205336628, 0.1272322653847582, 0.12595597365323236, 0.12439115012393279, 0.12281871218891705, 0.1235931429792853, 0.12479295020594317, 0.12401416231604183, 0.12471209483988145, 0.12398831186925664, 0.12238057764137493, 0.1251600212910596, 0.12410618101849276, 0.1244718337760252, 0.12295452724484836, 0.12445313869153753, 0.12353276549016728, 0.12404006474158343, 0.12557904509937062, 0.12682740372769974, 0.12608249958823708, 0.12496799774029675, 0.12208379016203039, 0.12373226881027222, 0.12574513572103838, 0.12328287152683033, 0.12404319135581746, 0.12238810272777782, 0.12355806643471998, 0.12273271294201121, 0.12467770234626882, 0.12413626085309422, 0.12317093864959829, 0.12231964556609883, 0.12722856551408768, 0.12672498611842883, 0.12363127066808588, 0.12450236160965526, 0.12324268484816832, 0.12304508563350229, 0.12632436427999946, 0.1228643973960596, 0.1243377817027709, 0.12714677058598575, 0.12499752097270068, 0.1255617857855909, 0.12433554547674516, 0.12328630668275496, 0.12368117255323073, 0.12581879873486126, 0.12398285567760467, 0.12447589285233442, 0.12507142670014326, 0.12237940649775898, 0.12251238454790676, 0.12466186521684422, 0.12355261677328278, 0.12175098534892587, 0.12254760168931063, 0.12195414734237334, 0.12310175553840749, 0.1248798948876998, 0.12346726059913635, 0.12465471625328065, 0.1255335518542458, 0.12421959533410913, 0.12333769920994253, 0.12504852010923273, 0.12529908602728562, 0.12576148141832913, 0.12146604534457711, 0.12645507332156686, 0.12675255729871637, 0.12462590669884402, 0.12234045898213106, 0.12379172286566566, 0.12498895604820813, 0.12253965051735148, 0.12301512255388147, 0.12240743496838738, 0.12295437884681365, 0.12312000937321607, 0.12245193421840668, 0.12401585859410903, 0.12397546189672806, 0.12430042510523516, 0.1233157671549741, 0.12531108733485727, 0.12499631660826066], "val": [0.29694504141807554, 0.38121902823448184, 0.17797242745757103, 0.2803552067279816, 0.17890210539102555, 0.2071193790435791, 1.032764642238617, 0.13510474383831025, 0.1252967268228531, 0.12374388009309768, 0.12291674762964248, 0.12509352535009385, 0.12216568589210511, 0.14046911835670473, 0.12112146735191345, 0.12085369765758515, 0.12092653840780258, 0.1223197403550148, 0.12074519097805023, 0.12160554900765419, 0.11962545171380043, 0.12034603387117386, 0.12051812253892422, 0.11964644521474838, 0.11975964814424515, 0.1212477856874466, 0.12032656036317349, 0.12074296474456787, 0.12065832287073136, 0.12038754820823669, 0.12013467937707902, 0.12010571479797363, 0.11947460412979126, 0.11999311745166778, 0.12035170584917068, 0.12059119462966919, 0.12030032962560654, 0.1201703354716301, 0.12013367772102355, 0.12003224104642868, 0.11994239211082458, 0.12054958164691926, 0.12003197729587554, 0.12093005031347275, 0.1203398808836937, 0.11980012476444245, 0.12023438811302185, 0.1206080037355423, 0.12030471116304398, 0.12018043726682663, 0.11992630898952485, 0.12046674132347107, 0.12058518767356873, 0.11985503762960434, 0.12081983149051666, 0.12037764489650726, 0.11990933954715728, 0.12009177207946778, 0.12019249022006989, 0.12058925867080689, 0.12011179983615876, 0.12025480985641479, 0.12022302255034446, 0.12062906116247177, 0.12064197540283203, 0.12062855303287506, 0.11950142681598663, 0.1203601375222206, 0.12075675845146179, 0.1196181221306324, 0.12044384449720383, 0.12014662086963654, 0.12040873169898987, 0.12029932171106339, 0.12023399591445923, 0.12018357396125794, 0.12036086559295654, 0.12023669481277466, 0.12023093461990357, 0.11990623772144318, 0.12006887719035149, 0.12066100418567657, 0.12019048452377319, 0.120144345164299, 0.12009162783622741, 0.11994940400123597, 0.11994613498449326, 0.12088258415460587, 0.12067161977291108, 0.12049971759319306, 0.12030403852462769, 0.12036805212497712, 0.1203084272146225, 0.12080243051052093, 0.12051162481307984, 0.11986974269151687, 0.11953429043293, 0.12020086258649826, 0.12051438227295876, 0.12065003037452698]}