{"train": [0.2524895003613304, 0.18380169973653906, 0.1621638743316426, 0.15355612810920266, 0.14850618102971244, 0.1391971279593075, 0.1396756443030694, 0.1273936901022406, 0.1282211124897003, 0.12457342480911929, 0.12709420621395112, 0.12469128773492925, 0.12346620103892159, 0.12226209745687597, 0.12110810385030858, 0.11926765143871307, 0.11981399953365326, 0.12126250941963757, 0.12049580812454223, 0.12119261675021227, 0.1199933556949391, 0.11879064992946738, 0.12146564380210989, 0.12015658617019653, 0.12098942679517409, 0.11906233999659033, 0.12104062052334057, 0.11971634302069159, 0.12063802375512965, 0.12138817713541143, 0.12289632874376634, 0.12212721994694542, 0.12149941667037852, 0.11866103358128492, 0.12005832247874317, 0.12182916911209331, 0.11968350813669316, 0.12040317847448237, 0.11873839567689334, 0.11966582580524332, 0.11953007096753401, 0.12106362274464438, 0.12056584700065501, 0.1197022861417602, 0.11908003600204692, 0.12323041163823184, 0.12294140387983883, 0.11990151098545859, 0.12092998334590127, 0.1198406136211227, 0.11938377364593393, 0.12197392205981647, 0.11913885553093517, 0.12083781501826119, 0.12261492969358669, 0.12116469302598168, 0.12207529597422656, 0.12056235863881952, 0.11959447089363547, 0.11996728497392992, 0.12205350144821055, 0.12022988945245743, 0.12075657090720009, 0.12105541387025048, 0.11866960788474364, 0.11884425676920835, 0.12107636043254066, 0.12014319151639938, 0.11789480640607722, 0.11914626026854795, 0.11855243348023471, 0.11971101550494924, 0.12168327780330883, 0.11982116068110746, 0.12106965789023567, 0.12204449755304, 0.12058524962733774, 0.11969479304902694, 0.12138233517899233, 0.12172294583390741, 0.1217940884477952, 0.11790271716959336, 0.12214713482295765, 0.1227501038242789, 0.12105383522370282, 0.11920127395321341, 0.11986427324659685, 0.12095248935853734, 0.11890254564145032, 0.11931713723084506, 0.11860149919110186, 0.11954091831165202, 0.11909887808210709, 0.11865907784770517, 0.12045032206703635, 0.12051357346422532, 0.12051741533419665, 0.11943839183625053, 0.12142579187365139, 0.12122918051831863], "val": [1.1734907531738281, 0.2931981635093689, 0.15541001543402672, 0.35603078961372375, 0.24262648254632949, 0.13601627707481384, 0.6087818670272828, 0.12416278123855591, 0.12142541706562042, 0.12131155759096146, 0.12221433222293854, 0.12470572978258133, 0.12613014698028566, 0.12492682427167892, 0.12063702404499053, 0.12018978983163833, 0.12006410509347916, 0.12049083814024925, 0.12107883870601654, 0.12068213731050491, 0.11873796463012695, 0.1196297886967659, 0.11976888097822666, 0.11898740381002426, 0.11901510089635849, 0.12064490199089051, 0.11971735790371894, 0.12002948820590972, 0.12003848224878311, 0.11941378027200698, 0.1193233722448349, 0.11943243503570557, 0.11894560933113098, 0.1196865126490593, 0.1200328677892685, 0.12011274099349975, 0.11971035271883011, 0.1191028043627739, 0.11952937722206115, 0.1190346360206604, 0.11941385895013809, 0.11990622639656066, 0.11915516674518585, 0.1203787162899971, 0.11996961414813995, 0.11906380593776703, 0.11951241374015809, 0.12002890050411225, 0.11928914487361908, 0.11957591682672501, 0.11959453105926514, 0.11950086236000061, 0.11974296808242797, 0.11920511484146118, 0.11989332318305969, 0.11955680191516876, 0.11923588484525681, 0.1194686770439148, 0.1198046064376831, 0.12019324719905854, 0.11904813528060913, 0.119571875333786, 0.11937753841280938, 0.12014868140220641, 0.11994131982326507, 0.11949875503778458, 0.11921582221984864, 0.11940347880125046, 0.11978714406490326, 0.11884440809488296, 0.11992400482296944, 0.11957086503505707, 0.11934840559959412, 0.11948247373104096, 0.11972041487693787, 0.11978539049625397, 0.11993979394435883, 0.11966864973306655, 0.11962534666061402, 0.11948913127183915, 0.11934996694326401, 0.11992945820093155, 0.11935137152671814, 0.1195344340801239, 0.11960714250802994, 0.11925209522247314, 0.11916509956121445, 0.11972732901573181, 0.1198179304599762, 0.11984829187393188, 0.11957507908344268, 0.11983756631612778, 0.11946870267391205, 0.1202287244796753, 0.11992236018180848, 0.11937276780605316, 0.11866990745067596, 0.11897913739085197, 0.1198316189646721, 0.11989785194396972]}