{"train": [0.25406362449421604, 0.18505453239468966, 0.1647498467389275, 0.15389819232856525, 0.14691300839185714, 0.13839617879951702, 0.13763044476509095, 0.12672780594405006, 0.1273942866746117, 0.12407047468073228, 0.1264363385298673, 0.12391480768428129, 0.12276920606108273, 0.12159126383416793, 0.12060181288158192, 0.11900711182285757, 0.11937093033510096, 0.12080457026467603, 0.12013767326579375, 0.12075279512826134, 0.11950124940451454, 0.11841779552838382, 0.12111706365557277, 0.1196918926694814, 0.12071239045437644, 0.11852824004257427, 0.12056125358623616, 0.11897363785435172, 0.12007312353919534, 0.12090404892669004, 0.12260000863495996, 0.12165251698564081, 0.12106606495731018, 0.1181436398450066, 0.11957697640447056, 0.12135495490887586, 0.11917394574950724, 0.1201383080552606, 0.11824238668469822, 0.11912711674676221, 0.11902226753094618, 0.12041571552262587, 0.11995832551928128, 0.11910717268200481, 0.11850449530517354, 0.12263987756827298, 0.12264294799636392, 0.11954877867418177, 0.12042753643849317, 0.11934385571409674, 0.1190369915436296, 0.12146892898222979, 0.11870554527815651, 0.12014185453162474, 0.12212532469454934, 0.12067394817576689, 0.12161670721629086, 0.12006149747792412, 0.11913210959995495, 0.11935504359357497, 0.12163154053337434, 0.11969563347451827, 0.1203547625857241, 0.1206967615029391, 0.118286754015614, 0.11841937014285256, 0.12049142770907458, 0.11953200233333251, 0.11751112350646187, 0.1185137820594451, 0.11801330789047129, 0.1192481592297554, 0.12096732346450581, 0.11931806522257188, 0.12036761597675436, 0.12147184803205378, 0.11995383746483747, 0.11949313125189613, 0.12079619300716063, 0.12109557749593959, 0.12130015422316158, 0.11741177457220414, 0.12156243236625895, 0.12217039781458237, 0.12041973506703096, 0.11874031897853403, 0.11934236235478345, 0.12067376454086864, 0.11838384042767917, 0.11878996105755077, 0.1182033843415625, 0.11897084423724343, 0.11875300381113502, 0.11815065443515778, 0.11973279942484463, 0.12008238399730009, 0.12001788248034084, 0.11888863610870698, 0.1208498725119759, 0.12049191962270175], "val": [2.4808380126953127, 0.41376634359359743, 0.22719927072525026, 0.18296815872192382, 0.1331915745139122, 0.1416628861427307, 0.3552640652656555, 0.12731200098991394, 0.12611869513988494, 0.12200721591711045, 0.12144052594900132, 0.12351693600416183, 0.12858657866716386, 0.12887997627258302, 0.12066695898771286, 0.12060760945081711, 0.12031807094812393, 0.12053025722503662, 0.12069090962409973, 0.12068817809224129, 0.11859148159623147, 0.1195007711648941, 0.11975746668875217, 0.11901773869991303, 0.11899959146976472, 0.12050492584705352, 0.11965384744107724, 0.1199885231256485, 0.11996030271053314, 0.1193868213891983, 0.11935120314359665, 0.11931408584117889, 0.11891694247722626, 0.11954189151525497, 0.11990096002817154, 0.11998854875564575, 0.11965841591358185, 0.11913604706525803, 0.1193851375579834, 0.11902968764305115, 0.11940734356641769, 0.11969917386770249, 0.11911768615245819, 0.12031947940587998, 0.11985198736190796, 0.11902559667825699, 0.11946025013923645, 0.11994138449430465, 0.1192697548866272, 0.11953608483076096, 0.11945939660072327, 0.11956667602062225, 0.11978579223155976, 0.11910849988460541, 0.11993334710597991, 0.11965631246566773, 0.11914588421583176, 0.11942998588085174, 0.11966384172439576, 0.11994199395179748, 0.11907733261585235, 0.11955674767494201, 0.11938884198665618, 0.12010344684123993, 0.11989575922489167, 0.1194339281320572, 0.11905159771442414, 0.11942188739776612, 0.11973058462142944, 0.11880075126886368, 0.11988557621836662, 0.11955927610397339, 0.11942934572696685, 0.11943590432405472, 0.11963949084281922, 0.11965696156024933, 0.1199435693025589, 0.1195972129702568, 0.11957749962806702, 0.11945768222212791, 0.11935571953654289, 0.11987519323825836, 0.11938701510429382, 0.11949388980865479, 0.11956513673067093, 0.11926160216331481, 0.11907739013433456, 0.1198176246881485, 0.11980829924345017, 0.11968611180782318, 0.11947733104228973, 0.11981017887592316, 0.11937865614891052, 0.12012935519218444, 0.11988188564777374, 0.11932673007249832, 0.11867518424987793, 0.11911033123731612, 0.1198285111784935, 0.11991478443145752]}