{"train": [0.25025100672946254, 0.1861005779574899, 0.16206577227396124, 0.15616115542019116, 0.1460817649083979, 0.14064646801527808, 0.13991482441916187, 0.1294182959724875, 0.13005601255332722, 0.1264423329164, 0.1292565859415952, 0.1265907850335626, 0.12526130132815416, 0.12497487681753496, 0.12395528107881545, 0.12239979461711996, 0.12304474290679483, 0.1242621981045779, 0.12349814036313225, 0.1244358777999878, 0.12335390702766531, 0.1225850653998992, 0.12487919207881479, 0.12371852099895478, 0.12459267018472447, 0.12278792595162111, 0.12438310034134809, 0.12315796412089292, 0.12419764452120836, 0.1251572435393053, 0.12630667107946733, 0.12603049488628612, 0.12501443396596348, 0.12229446716168348, 0.12362878182355096, 0.12527043889550601, 0.1230786689064082, 0.12431137719575097, 0.1225749646916109, 0.12343870068297666, 0.12307549618622836, 0.12449703865191515, 0.12410472578862135, 0.12342353024903466, 0.12257730592699612, 0.12681965591276392, 0.12643066434299244, 0.12339503072640474, 0.12484744489192963, 0.12378168623237049, 0.12291181683540345, 0.125759137728635, 0.12310114257475908, 0.12431805572089027, 0.12653848274665722, 0.12487571090459823, 0.12553961040342557, 0.12446174025535583, 0.12309238560059492, 0.12359354338225197, 0.12580473063623204, 0.12375749752802008, 0.12435441692085827, 0.12487338991726146, 0.1220106352778042, 0.12266885129844442, 0.12435252114253885, 0.12372113851939931, 0.12161493590649436, 0.12257739472038606, 0.12217859950135736, 0.12328783484066234, 0.12506666516556458, 0.12326612788088182, 0.12453033030033112, 0.12552361996734843, 0.12422239833018359, 0.12352628252085518, 0.124959616801318, 0.12521060170496212, 0.12562548518180847, 0.12139132163103888, 0.12568897394572986, 0.12659772634506225, 0.12454772205913768, 0.12274118433980381, 0.12357110275941736, 0.12465131756137399, 0.12261199600556318, 0.1227043389397509, 0.12259236135903527, 0.12301232069730758, 0.12284767969566233, 0.12245367642711191, 0.12375763873843586, 0.12440118772142074, 0.12419050511191873, 0.12302109634175021, 0.12494622539071476, 0.1248749901266659], "val": [0.43103336453437807, 0.4123955750465393, 0.27757537066936494, 0.14519856929779051, 0.22181187450885773, 0.15813861072063445, 0.3108874064683914, 0.1253974860906601, 0.1256324517726898, 0.12262932807207108, 0.1276106208562851, 0.13414677530527114, 0.12290208280086518, 0.12377982228994369, 0.12130815863609314, 0.12113154023885726, 0.12076858431100845, 0.12182831406593322, 0.12161704659461975, 0.12184328779578209, 0.12011766463518142, 0.12048169791698456, 0.12048056893050671, 0.12005538254976272, 0.11993821620941163, 0.12159250319004059, 0.12062969990074635, 0.12102401733398438, 0.12098729312419891, 0.12055813297629356, 0.12045582294464112, 0.12069359004497528, 0.12028393507003785, 0.12092176228761672, 0.12104118376970291, 0.12102989196777343, 0.12077437281608581, 0.12026935398578643, 0.12053824782371521, 0.12033125817775726, 0.12068892508745194, 0.12082885950803757, 0.12049528658390045, 0.1214798468351364, 0.12103879928588868, 0.12028118640184403, 0.12064653694629669, 0.1208288100361824, 0.12036886364221573, 0.12076029390096664, 0.12082741379737855, 0.12068171918392182, 0.12074530243873596, 0.12039914160966873, 0.1207801914215088, 0.12048903107643127, 0.12044796407222748, 0.12059119880199433, 0.12090714871883393, 0.12116949677467347, 0.12021421074867249, 0.12053836107254029, 0.12043538391590118, 0.12117773011326789, 0.12084967315196991, 0.12053242027759552, 0.12051476120948791, 0.12042986154556275, 0.1208383971452713, 0.12004472061991692, 0.12083138465881348, 0.12059634327888488, 0.12039649724960327, 0.120557182431221, 0.1205939781665802, 0.12082438826560975, 0.120804061293602, 0.1205860984325409, 0.12055451035499573, 0.12052215218544006, 0.12051647812128068, 0.12082871079444885, 0.1204941737651825, 0.1208286440372467, 0.12063827812671661, 0.1204400110244751, 0.12018466413021088, 0.12093281984329224, 0.1206758365035057, 0.1207499361038208, 0.12058122158050537, 0.12090565085411072, 0.12048226356506347, 0.12105401575565339, 0.12095846176147461, 0.12041370749473572, 0.1198623812198639, 0.12016609892249107, 0.1206733177602291, 0.12079105496406556]}