{"train": [0.2536234233309241, 0.1961107725606245, 0.17953857043210197, 0.17002883623628057, 0.15867926329374313, 0.15013419196886174, 0.14864301830530166, 0.13100926683229558, 0.1288667281760889, 0.1245253661976141, 0.1272506552584031, 0.12336387318723342, 0.12174143028609893, 0.12018805654609904, 0.11682206436115153, 0.11440199385671054, 0.11496398448944092, 0.11606023346676546, 0.1152154943522285, 0.11643969013410456, 0.11404093924690695, 0.1133635360528441, 0.11578219901112949, 0.1143480797900873, 0.11524507455966052, 0.11319570471258725, 0.11541692158755135, 0.114238819742904, 0.11477741371182834, 0.11620274536749896, 0.11777632604627049, 0.1164112240076065, 0.11546553811606239, 0.11299403616610695, 0.11444061845541001, 0.11642617583274842, 0.1144299897200921, 0.1151548932580387, 0.11262234221486485, 0.11414439099676468, 0.11374631480259054, 0.11550974802059286, 0.11482825305532007, 0.11369771694435793, 0.11336136775858262, 0.11783301505972357, 0.11769311322885401, 0.1144277110695839, 0.11555284498368992, 0.11432914549813551, 0.11419768136213808, 0.11616501799401115, 0.11283342592856463, 0.11457337605602601, 0.11705594597493901, 0.1156510335557601, 0.1165594112347154, 0.11539916930829777, 0.11378118676297805, 0.11422860552282894, 0.11683908288969713, 0.11462809925570208, 0.11570125011836781, 0.11553292800398433, 0.11311298643841464, 0.11289437194080913, 0.11531668673543369, 0.11476604754433913, 0.11255302893764832, 0.1129431013675297, 0.11318014404352973, 0.11412949167630251, 0.11619828255737528, 0.11428610068910262, 0.11534417569637298, 0.11659994747708825, 0.1152773950029822, 0.11430606421302347, 0.11554455555537167, 0.11634492076495115, 0.11632052379495958, 0.11217910077641992, 0.11638743842349333, 0.11746332566527759, 0.11541732584728914, 0.11362595821128171, 0.11411652039079105, 0.11549092259477167, 0.11294660726014305, 0.11352683814132915, 0.11284970500889946, 0.11415024224449606, 0.11344010461779201, 0.11310337115736568, 0.114399335138938, 0.11496224938070072, 0.11508639840518727, 0.1139517357244211, 0.11576960840645958, 0.11579444268170525], "val": [0.7462323236465455, 0.29362784802913666, 0.2626850934326649, 0.2687273645401001, 0.5065728044509887, 0.15668097913265228, 0.17268931984901428, 0.1392858201265335, 0.1230628114938736, 0.12525244385004045, 0.12866606384515764, 0.12670512348413468, 0.13559577703475953, 0.12599837452173232, 0.12130073100328445, 0.11965365141630173, 0.11829264163970947, 0.11942389577627183, 0.11912864625453949, 0.11867868706583977, 0.11750455141067505, 0.11858399778604507, 0.11864928431808948, 0.11786029845476151, 0.11774724662303925, 0.11941387057304383, 0.11857531949877739, 0.11866051614284516, 0.11872333243489265, 0.11793237127363682, 0.1178891721367836, 0.11783629953861237, 0.11716264843940735, 0.11812735095620155, 0.11865506798028946, 0.11885955214500427, 0.11822747707366943, 0.11728954643011093, 0.11814964771270751, 0.11754421144723892, 0.1176819595694542, 0.11856366991996765, 0.11761788100004196, 0.1189992806315422, 0.11853928387165069, 0.1175102287530899, 0.11792513012886047, 0.1189335636794567, 0.11783776342868806, 0.11806122690439225, 0.11817349195480346, 0.11829568803310395, 0.11832467466592789, 0.11791429907083512, 0.11864903271198272, 0.11836160123348236, 0.1178147941827774, 0.11801459938287735, 0.11826372981071472, 0.11881920754909515, 0.1174476432800293, 0.11830001354217529, 0.11814752623438834, 0.11878968879580498, 0.11856002569198608, 0.11820341974496841, 0.117613645195961, 0.11807415068149567, 0.11837836861610412, 0.11731197595596314, 0.11855280667543411, 0.1182991224527359, 0.1181386649608612, 0.11809033006429673, 0.11823089599609375, 0.11854539155960082, 0.11867763221263886, 0.11831958889961243, 0.11828299641609191, 0.1180587400496006, 0.11780051410198211, 0.11857441514730453, 0.11788891196250915, 0.1180585539340973, 0.11821911558508873, 0.11785097181797027, 0.11789318174123764, 0.11815357774496078, 0.11861481696367264, 0.11866488397121429, 0.11838994026184083, 0.1183947378396988, 0.11805672407150268, 0.11901945590972901, 0.1187537968158722, 0.11795225590467454, 0.11711984157562255, 0.11766785845160484, 0.11841515526175499, 0.11873208642005921]}