{"train": [0.2968481365372153, 0.23097608475124135, 0.1786828645888497, 0.16940565985791822, 0.1611476801774081, 0.1505578297026017, 0.14694308279191745, 0.130385945649708, 0.12792051513405406, 0.12270703631288865, 0.12510271808680365, 0.12243706408668967, 0.11906264284077812, 0.11689625312300289, 0.11353749685427722, 0.1114123688901172, 0.11090254993999706, 0.11237801225746379, 0.11079518812544206, 0.11177428908207837, 0.10969970918753567, 0.10891154163024004, 0.11184509940007153, 0.11022448364426107, 0.11088376816581277, 0.10901881026871064, 0.11079492341069615, 0.10971811790676678, 0.10912820135845858, 0.11188457020941903, 0.11335714240284527, 0.11215655198868583, 0.11091864372000974, 0.10779076464035932, 0.11031067976180245, 0.1122799565686899, 0.10989286864505095, 0.11044188229476705, 0.1075368774287841, 0.10981533369597267, 0.10905366057858748, 0.11082143967642503, 0.10992003052550203, 0.10905155504451078, 0.10917726106503431, 0.11302825291367138, 0.1135090742041083, 0.11058828059364767, 0.11055067207883386, 0.10943937389289632, 0.10919590092757168, 0.11185464087654562, 0.1078786073362126, 0.11073967306052937, 0.11271279015961816, 0.11125930863268235, 0.11251953393220901, 0.11038527909447166, 0.10933500668581794, 0.11005872260121738, 0.11254267859108308, 0.11009456453954472, 0.11152427257860408, 0.11104695060673882, 0.10883297026157379, 0.10840002123047324, 0.11088604129412595, 0.10980127979727353, 0.10846723686246311, 0.10808079032336965, 0.10871169461923487, 0.1092449542354135, 0.11146684814901912, 0.11034685101579217, 0.11090067028999329, 0.11251559993799995, 0.11013854733284782, 0.10926129660185646, 0.11114728555959814, 0.11161761555601568, 0.1117274961050819, 0.10737875314319835, 0.11231196925920599, 0.11328854096286436, 0.11063475424752515, 0.10833638187716989, 0.10979683416731217, 0.11027919676373987, 0.10813033431768418, 0.1093017099534764, 0.10789860123220613, 0.10951456252266378, 0.10857936266590568, 0.10864976434146657, 0.11061208213076872, 0.1100713469526347, 0.11034737842924455, 0.10956750547184664, 0.11219412754563725, 0.11046416890971801], "val": [4.788521957397461, 0.2551983416080475, 0.3110388100147247, 0.5223251414299012, 0.16284192502498626, 0.14231861054897307, 0.1502905660867691, 0.1258891260623932, 0.1158550250530243, 0.11916974782943726, 0.12167891561985016, 0.12566364645957948, 0.11913641303777694, 0.11755151271820069, 0.11548181533813477, 0.11362691059708595, 0.11349655598402024, 0.11355016872286797, 0.11277013242244721, 0.1132062104344368, 0.11079313337802887, 0.11212271839380264, 0.11215844057500363, 0.11111090868711472, 0.11144416987895965, 0.1132292115688324, 0.11199910037219524, 0.1125484973192215, 0.11227724924683571, 0.11208621054887771, 0.11186227083206177, 0.11185128092765809, 0.11144669950008393, 0.11155659765005112, 0.11211915135383606, 0.11287218689918518, 0.1120687785744667, 0.1115471675992012, 0.11158048391342162, 0.11148294419050217, 0.11189845860004426, 0.11216404139995576, 0.11172281861305237, 0.1128860855102539, 0.112198266685009, 0.11168345510959625, 0.11199305057525635, 0.11226985275745392, 0.11173301428556442, 0.1118464782834053, 0.111982182264328, 0.1119200474023819, 0.11205159962177276, 0.11149556219577789, 0.11207678616046905, 0.11179708957672119, 0.11124741256237031, 0.11186270415782928, 0.11207500517368317, 0.1126615509390831, 0.11153791844844818, 0.11163838565349579, 0.1116235737502575, 0.11256593838334084, 0.11226110935211181, 0.11135681629180909, 0.11144432663917542, 0.11183118343353271, 0.11199269115924836, 0.11136456787586212, 0.11244784086942673, 0.11207935154438019, 0.11195543050765991, 0.111949263215065, 0.11186729550361633, 0.11199062466621398, 0.11228237211704255, 0.11184883117675781, 0.11191205978393555, 0.11203772634267807, 0.11199932873249054, 0.11227050215005875, 0.11176199316978455, 0.11240888833999634, 0.11207140609622002, 0.1116791582107544, 0.11137673944234848, 0.11210363388061523, 0.11215973883867264, 0.11231177210807801, 0.11188364326953888, 0.11182497054338456, 0.11166013836860657, 0.11284128367900849, 0.11287714779376984, 0.11181696087121963, 0.11101763665676118, 0.11156560763716698, 0.11207557380199433, 0.11201714038848877]}